t_s,t_min,soc_pct,power_kw,range_miles,time_to_80_min,time_to_100_min
0.0,0.0,20.0,46.6666666666665,120.0,9.0,10.0
1.0,0.016666666666666666,20.11111111111111,46.6666666666665,120.66666666666666,8.983333333333333,9.983333333333333
2.0,0.03333333333333333,20.22222222222222,46.6666666666665,121.33333333333333,8.966666666666667,9.966666666666667
3.0,0.05,20.333333333333332,46.6666666666665,121.99999999999999,8.95,9.95
4.0,0.06666666666666667,20.444444444444443,46.66666666666725,122.66666666666666,8.933333333333334,9.933333333333334
5.0,0.08333333333333333,20.555555555555557,46.66666666666725,123.33333333333334,8.916666666666666,9.916666666666666
6.0,0.1,20.666666666666668,46.6666666666665,124.0,8.9,9.9
7.0,0.11666666666666667,20.77777777777778,46.6666666666665,124.66666666666667,8.883333333333333,9.883333333333333
8.0,0.13333333333333333,20.88888888888889,46.6666666666665,125.33333333333334,8.866666666666667,9.866666666666667
9.0,0.15,21.0,46.6666666666665,126.0,8.85,9.85
10.0,0.16666666666666666,21.11111111111111,46.6666666666665,126.66666666666667,8.833333333333334,9.833333333333334
11.0,0.18333333333333332,21.22222222222222,46.6666666666665,127.33333333333331,8.816666666666666,9.816666666666666
12.0,0.2,21.333333333333332,46.6666666666665,127.99999999999999,8.8,9.8
13.0,0.21666666666666667,21.444444444444443,46.66666666666725,128.66666666666666,8.783333333333333,9.783333333333333
14.0,0.23333333333333334,21.555555555555557,46.66666666666725,129.33333333333334,8.766666666666667,9.766666666666667
15.0,0.25,21.666666666666668,46.6666666666665,130.0,8.75,9.75
16.0,0.26666666666666666,21.77777777777778,46.6666666666665,130.66666666666669,8.733333333333333,9.733333333333333
17.0,0.2833333333333333,21.88888888888889,46.6666666666665,131.33333333333334,8.716666666666667,9.716666666666667
18.0,0.3,22.0,46.6666666666665,132.0,8.7,9.7
19.0,0.31666666666666665,22.11111111111111,46.6666666666665,132.66666666666669,8.683333333333334,9.683333333333334
20.0,0.3333333333333333,22.22222222222222,46.6666666666665,133.33333333333331,8.666666666666666,9.666666666666666
21.0,0.35,22.333333333333332,46.6666666666665,134.0,8.65,9.65
22.0,0.36666666666666664,22.444444444444443,46.66666666666725,134.66666666666666,8.633333333333333,9.633333333333333
23.0,0.38333333333333336,22.555555555555557,46.66666666666725,135.33333333333334,8.616666666666667,9.616666666666667
24.0,0.4,22.666666666666668,46.6666666666665,136.0,8.6,9.6
25.0,0.4166666666666667,22.77777777777778,46.6666666666665,136.66666666666666,8.583333333333334,9.583333333333334
26.0,0.43333333333333335,22.88888888888889,46.6666666666665,137.33333333333334,8.566666666666666,9.566666666666666
27.0,0.45,23.0,46.6666666666665,138.0,8.55,9.55
28.0,0.4666666666666667,23.11111111111111,46.6666666666665,138.66666666666666,8.533333333333333,9.533333333333333
29.0,0.48333333333333334,23.22222222222222,46.6666666666665,139.33333333333334,8.516666666666667,9.516666666666667
30.0,0.5,23.333333333333332,46.6666666666665,139.99999999999997,8.5,9.5
31.0,0.5166666666666667,23.444444444444443,46.66666666666725,140.66666666666666,8.483333333333333,9.483333333333333
32.0,0.5333333333333333,23.555555555555557,46.66666666666725,141.33333333333334,8.466666666666667,9.466666666666667
33.0,0.55,23.666666666666668,46.6666666666665,142.00000000000003,8.45,9.45
34.0,0.5666666666666667,23.77777777777778,46.6666666666665,142.66666666666666,8.433333333333334,9.433333333333334
35.0,0.5833333333333334,23.88888888888889,46.6666666666665,143.33333333333334,8.416666666666666,9.416666666666666
36.0,0.6,24.0,46.6666666666665,144.0,8.4,9.4
37.0,0.6166666666666667,24.11111111111111,46.6666666666665,144.66666666666666,8.383333333333333,9.383333333333333
38.0,0.6333333333333333,24.22222222222222,46.66666666666725,145.33333333333334,8.366666666666667,9.366666666666667
39.0,0.65,24.333333333333336,46.6666666666665,146.0,8.35,9.35
40.0,0.6666666666666666,24.444444444444443,46.6666666666665,146.66666666666666,8.333333333333334,9.333333333333334
41.0,0.6833333333333333,24.555555555555557,46.66666666666725,147.33333333333334,8.316666666666666,9.316666666666666
42.0,0.7,24.666666666666668,46.6666666666665,148.0,8.3,9.3
43.0,0.7166666666666667,24.77777777777778,46.6666666666665,148.66666666666669,8.283333333333333,9.283333333333333
44.0,0.7333333333333333,24.88888888888889,46.6666666666665,149.33333333333334,8.266666666666667,9.266666666666667
45.0,0.75,25.0,46.6666666666665,150.0,8.25,9.25
46.0,0.7666666666666667,25.11111111111111,46.6666666666665,150.66666666666666,8.233333333333333,9.233333333333333
47.0,0.7833333333333333,25.22222222222222,46.66666666666725,151.33333333333334,8.216666666666667,9.216666666666667
48.0,0.8,25.333333333333336,46.6666666666665,152.0,8.2,9.2
49.0,0.8166666666666667,25.444444444444443,46.6666666666665,152.66666666666666,8.183333333333334,9.183333333333334
50.0,0.8333333333333334,25.555555555555557,46.6666666666665,153.33333333333334,8.166666666666666,9.166666666666666
51.0,0.85,25.666666666666664,46.6666666666665,154.0,8.15,9.15
52.0,0.8666666666666667,25.77777777777778,46.66666666666725,154.66666666666666,8.133333333333333,9.133333333333333
53.0,0.8833333333333333,25.88888888888889,46.6666666666665,155.33333333333334,8.116666666666667,9.116666666666667
54.0,0.9,26.0,46.6666666666665,156.0,8.1,9.1
55.0,0.9166666666666666,26.11111111111111,46.6666666666665,156.66666666666669,8.083333333333334,9.083333333333334
56.0,0.9333333333333333,26.22222222222222,46.6666666666665,157.33333333333331,8.066666666666666,9.066666666666666
57.0,0.95,26.333333333333332,46.6666666666665,157.99999999999997,8.05,9.05
58.0,0.9666666666666667,26.444444444444443,46.66666666666725,158.66666666666666,8.033333333333333,9.033333333333333
59.0,0.9833333333333333,26.555555555555557,46.6666666666665,159.33333333333331,8.016666666666667,9.016666666666667
60.0,1.0,26.666666666666664,46.6666666666665,160.0,8.0,9.0
61.0,1.0166666666666666,26.77777777777778,46.66666666666725,160.66666666666666,7.983333333333333,8.983333333333334
62.0,1.0333333333333334,26.88888888888889,46.6666666666665,161.33333333333334,7.966666666666667,8.966666666666667
63.0,1.05,27.0,46.6666666666665,162.0,7.95,8.95
64.0,1.0666666666666667,27.11111111111111,46.6666666666665,162.66666666666666,7.933333333333334,8.933333333333334
65.0,1.0833333333333333,27.22222222222222,46.66666666666725,163.33333333333331,7.916666666666667,8.916666666666666
66.0,1.1,27.333333333333336,46.6666666666665,164.00000000000003,7.9,8.9
67.0,1.1166666666666667,27.444444444444443,46.666666666665755,164.66666666666666,7.883333333333333,8.883333333333333
68.0,1.1333333333333333,27.555555555555554,46.6666666666665,165.33333333333334,7.866666666666667,8.866666666666667
69.0,1.15,27.666666666666664,46.66666666666725,165.99999999999997,7.85,8.85
70.0,1.1666666666666667,27.77777777777778,46.66666666666725,166.66666666666669,7.833333333333333,8.833333333333334
71.0,1.1833333333333333,27.88888888888889,46.6666666666665,167.33333333333334,7.816666666666666,8.816666666666666
72.0,1.2,28.0,46.6666666666665,168.00000000000003,7.8,8.8
73.0,1.2166666666666666,28.11111111111111,46.6666666666665,168.66666666666666,7.783333333333333,8.783333333333333
74.0,1.2333333333333334,28.22222222222222,46.66666666666725,169.33333333333331,7.766666666666667,8.766666666666666
75.0,1.25,28.333333333333336,46.6666666666665,170.00000000000003,7.75,8.75
76.0,1.2666666666666666,28.444444444444443,46.6666666666665,170.66666666666666,7.733333333333333,8.733333333333334
77.0,1.2833333333333334,28.555555555555557,46.66666666666725,171.33333333333334,7.716666666666667,8.716666666666667
78.0,1.3,28.666666666666668,46.6666666666665,172.0,7.7,8.7
79.0,1.3166666666666667,28.77777777777778,46.6666666666665,172.66666666666669,7.683333333333334,8.683333333333334
80.0,1.3333333333333333,28.88888888888889,46.6666666666665,173.33333333333334,7.666666666666667,8.666666666666666
81.0,1.35,29.0,46.6666666666665,174.0,7.65,8.65
82.0,1.3666666666666667,29.11111111111111,46.6666666666665,174.66666666666666,7.633333333333333,8.633333333333333
83.0,1.3833333333333333,29.22222222222222,46.66666666666725,175.33333333333334,7.616666666666667,8.616666666666667
84.0,1.4,29.333333333333336,46.6666666666665,176.0,7.6,8.6
85.0,1.4166666666666667,29.444444444444443,46.6666666666665,176.66666666666669,7.583333333333333,8.583333333333334
86.0,1.4333333333333333,29.555555555555557,46.6666666666665,177.33333333333334,7.566666666666666,8.566666666666666
87.0,1.45,29.666666666666664,46.6666666666665,177.99999999999997,7.55,8.55
88.0,1.4666666666666666,29.77777777777778,46.66666666666725,178.66666666666669,7.533333333333333,8.533333333333333
89.0,1.4833333333333334,29.88888888888889,46.6666666666665,179.33333333333331,7.516666666666667,8.516666666666666
90.0,1.5,30.0,46.6666666666665,180.0,7.5,8.5
91.0,1.5166666666666666,30.11111111111111,46.6666666666665,180.66666666666666,7.483333333333333,8.483333333333334
92.0,1.5333333333333334,30.22222222222222,46.66666666666725,181.33333333333334,7.466666666666667,8.466666666666667
93.0,1.55,30.333333333333336,46.6666666666665,182.0,7.45,8.45
94.0,1.5666666666666667,30.444444444444443,46.6666666666665,182.66666666666666,7.433333333333334,8.433333333333334
95.0,1.5833333333333333,30.555555555555557,46.66666666666725,183.33333333333334,7.416666666666667,8.416666666666666
96.0,1.6,30.666666666666668,46.6666666666665,184.00000000000003,7.4,8.4
97.0,1.6166666666666667,30.77777777777778,46.666666666665755,184.66666666666666,7.383333333333333,8.383333333333333
98.0,1.6333333333333333,30.888888888888886,46.6666666666665,185.33333333333331,7.366666666666667,8.366666666666667
99.0,1.65,31.0,46.66666666666799,186.0,7.35,8.35
100.0,1.6666666666666667,31.111111111111114,46.6666666666665,186.66666666666666,7.333333333333333,8.333333333333334
101.0,1.6833333333333333,31.22222222222222,46.666666666665755,187.33333333333334,7.316666666666666,8.316666666666666
102.0,1.7,31.333333333333332,46.6666666666665,187.99999999999997,7.3,8.3
103.0,1.7166666666666666,31.444444444444443,46.66666666666725,188.66666666666666,7.283333333333333,8.283333333333333
104.0,1.7333333333333334,31.555555555555557,46.6666666666665,189.33333333333334,7.266666666666667,8.266666666666666
105.0,1.75,31.666666666666664,46.6666666666665,190.0,7.25,8.25
106.0,1.7666666666666666,31.77777777777778,46.66666666666725,190.66666666666666,7.233333333333333,8.233333333333334
107.0,1.7833333333333334,31.88888888888889,46.6666666666665,191.33333333333334,7.216666666666667,8.216666666666667
108.0,1.8,32.0,46.66666666666725,192.0,7.2,8.2
109.0,1.8166666666666667,32.111111111111114,46.6666666666665,192.66666666666669,7.183333333333334,8.183333333333334
110.0,1.8333333333333333,32.22222222222222,46.6666666666665,193.33333333333331,7.166666666666667,8.166666666666666
111.0,1.85,32.333333333333336,46.6666666666665,194.00000000000003,7.15,8.15
112.0,1.8666666666666667,32.44444444444444,46.6666666666665,194.66666666666666,7.133333333333333,8.133333333333333
113.0,1.8833333333333333,32.55555555555556,46.6666666666665,195.33333333333337,7.116666666666667,8.116666666666667
114.0,1.9,32.666666666666664,46.6666666666665,196.0,7.1,8.1
115.0,1.9166666666666667,32.77777777777778,46.6666666666665,196.66666666666666,7.083333333333333,8.083333333333334
116.0,1.9333333333333333,32.888888888888886,46.6666666666665,197.33333333333331,7.066666666666666,8.066666666666666
117.0,1.95,33.0,46.66666666666799,198.0,7.05,8.05
118.0,1.9666666666666666,33.111111111111114,46.6666666666665,198.66666666666669,7.033333333333333,8.033333333333333
119.0,1.9833333333333334,33.22222222222222,46.66666666666501,199.33333333333331,7.016666666666667,8.016666666666666
120.0,2.0,33.33333333333333,46.6666666666665,199.99999999999994,7.0,8.0
121.0,2.0166666666666666,33.44444444444444,46.66666666666799,200.66666666666666,6.983333333333333,7.983333333333333
122.0,2.033333333333333,33.55555555555556,46.6666666666665,201.33333333333334,6.966666666666667,7.966666666666667
123.0,2.05,33.666666666666664,46.6666666666665,202.0,6.95,7.95
124.0,2.066666666666667,33.77777777777778,46.66666666666799,202.66666666666669,6.933333333333334,7.933333333333334
125.0,2.0833333333333335,33.88888888888889,46.6666666666665,203.33333333333334,6.916666666666666,7.916666666666666
126.0,2.1,34.0,46.6666666666665,204.00000000000003,6.9,7.9
127.0,2.1166666666666667,34.111111111111114,46.6666666666665,204.66666666666669,6.883333333333333,7.883333333333333
128.0,2.1333333333333333,34.22222222222222,46.66666666666501,205.33333333333331,6.866666666666667,7.866666666666667
129.0,2.15,34.33333333333333,46.6666666666665,205.99999999999997,6.85,7.85
130.0,2.1666666666666665,34.44444444444444,46.66666666666799,206.66666666666666,6.833333333333334,7.833333333333334
131.0,2.183333333333333,34.55555555555556,46.66666666666799,207.33333333333334,6.816666666666666,7.816666666666666
132.0,2.2,34.66666666666667,46.6666666666665,208.00000000000003,6.8,7.8
133.0,2.216666666666667,34.77777777777778,46.66666666666501,208.66666666666669,6.783333333333333,7.783333333333333
134.0,2.2333333333333334,34.888888888888886,46.6666666666665,209.33333333333331,6.766666666666667,7.766666666666667
135.0,2.25,35.0,46.6666666666665,210.0,6.75,7.75
136.0,2.2666666666666666,35.11111111111111,46.6666666666665,210.66666666666666,6.733333333333333,7.733333333333333
137.0,2.283333333333333,35.22222222222222,46.6666666666665,211.33333333333331,6.716666666666667,7.716666666666667
138.0,2.3,35.33333333333333,46.6666666666665,211.99999999999997,6.7,7.7
139.0,2.316666666666667,35.44444444444444,46.66666666666799,212.66666666666666,6.683333333333334,7.683333333333334
140.0,2.3333333333333335,35.55555555555556,46.66666666666799,213.33333333333334,6.666666666666666,7.666666666666666
141.0,2.35,35.66666666666667,46.6666666666665,214.0,6.65,7.65
142.0,2.3666666666666667,35.77777777777778,46.66666666666501,214.66666666666669,6.633333333333333,7.633333333333333
143.0,2.3833333333333333,35.888888888888886,46.6666666666665,215.33333333333331,6.616666666666667,7.616666666666667
144.0,2.4,36.0,46.66666666666799,216.0,6.6,7.6
145.0,2.4166666666666665,36.111111111111114,46.6666666666665,216.66666666666669,6.583333333333334,7.583333333333334
146.0,2.433333333333333,36.22222222222222,46.6666666666665,217.33333333333334,6.566666666666666,7.566666666666666
147.0,2.45,36.333333333333336,46.6666666666665,218.0,6.55,7.55
148.0,2.466666666666667,36.44444444444444,46.6666666666665,218.66666666666663,6.533333333333333,7.533333333333333
149.0,2.4833333333333334,36.55555555555556,46.66666666666799,219.33333333333334,6.516666666666667,7.516666666666667
150.0,2.5,36.66666666666667,46.6666666666665,220.00000000000003,6.5,7.5
151.0,2.5166666666666666,36.77777777777778,46.66666666666501,220.66666666666666,6.483333333333333,7.483333333333333
152.0,2.533333333333333,36.888888888888886,46.6666666666665,221.33333333333331,6.466666666666667,7.466666666666667
153.0,2.55,37.0,46.66666666666799,222.0,6.45,7.45
154.0,2.566666666666667,37.111111111111114,46.6666666666665,222.6666666666667,6.433333333333334,7.433333333333334
155.0,2.5833333333333335,37.22222222222222,46.6666666666665,223.33333333333334,6.416666666666666,7.416666666666666
156.0,2.6,37.333333333333336,46.6666666666665,224.0,6.4,7.4
157.0,2.6166666666666667,37.44444444444444,46.6666666666665,224.66666666666666,6.383333333333333,7.383333333333333
158.0,2.6333333333333333,37.55555555555556,46.66666666666799,225.33333333333334,6.366666666666667,7.366666666666667
159.0,2.65,37.66666666666667,46.6666666666665,226.00000000000003,6.35,7.35
160.0,2.6666666666666665,37.77777777777778,46.66666666666501,226.66666666666666,6.333333333333334,7.333333333333334
161.0,2.683333333333333,37.888888888888886,46.6666666666665,227.3333333333333,6.316666666666666,7.316666666666666
162.0,2.7,38.0,46.66666666666799,228.0,6.3,7.3
163.0,2.716666666666667,38.111111111111114,46.6666666666665,228.66666666666669,6.283333333333333,7.283333333333333
164.0,2.7333333333333334,38.22222222222222,46.6666666666665,229.33333333333334,6.266666666666667,7.266666666666667
165.0,2.75,38.333333333333336,46.6666666666665,230.00000000000003,6.25,7.25
166.0,2.7666666666666666,38.44444444444444,46.6666666666665,230.66666666666666,6.233333333333333,7.233333333333333
167.0,2.783333333333333,38.55555555555556,46.66666666666799,231.33333333333337,6.216666666666667,7.216666666666667
168.0,2.8,38.66666666666667,46.6666666666665,232.00000000000003,6.2,7.2
169.0,2.816666666666667,38.77777777777778,46.66666666666501,232.66666666666666,6.183333333333334,7.183333333333334
170.0,2.8333333333333335,38.888888888888886,46.6666666666665,233.33333333333331,6.166666666666666,7.166666666666666
171.0,2.85,39.0,46.66666666666799,234.0,6.15,7.15
172.0,2.8666666666666667,39.111111111111114,46.6666666666665,234.66666666666669,6.133333333333333,7.133333333333333
173.0,2.8833333333333333,39.22222222222222,46.66666666666501,235.33333333333331,6.116666666666667,7.116666666666667
174.0,2.9,39.33333333333333,46.6666666666665,236.0,6.1,7.1
175.0,2.9166666666666665,39.44444444444444,46.66666666666799,236.66666666666666,6.083333333333334,7.083333333333334
176.0,2.933333333333333,39.55555555555556,46.66666666666799,237.33333333333334,6.066666666666666,7.066666666666666
177.0,2.95,39.66666666666667,46.6666666666665,238.00000000000003,6.05,7.05
178.0,2.966666666666667,39.77777777777778,46.66666666666501,238.66666666666669,6.033333333333333,7.033333333333333
179.0,2.9833333333333334,39.888888888888886,46.6666666666665,239.33333333333331,6.016666666666667,7.016666666666667
180.0,3.0,40.0,46.66666666666799,240.0,6.0,7.0
181.0,3.0166666666666666,40.111111111111114,46.6666666666665,240.66666666666669,5.983333333333333,6.983333333333333
182.0,3.033333333333333,40.22222222222222,46.66666666666501,241.33333333333331,5.966666666666667,6.966666666666667
183.0,3.05,40.33333333333333,46.6666666666665,241.99999999999997,5.95,6.95
184.0,3.066666666666667,40.44444444444444,46.66666666666799,242.66666666666666,5.933333333333334,6.933333333333334
185.0,3.0833333333333335,40.55555555555556,46.66666666666799,243.33333333333334,5.916666666666666,6.916666666666666
186.0,3.1,40.66666666666667,46.6666666666665,244.00000000000003,5.9,6.9
187.0,3.1166666666666667,40.77777777777778,46.66666666666501,244.66666666666669,5.883333333333333,6.883333333333333
188.0,3.1333333333333333,40.888888888888886,46.6666666666665,245.33333333333331,5.866666666666667,6.866666666666667
189.0,3.15,41.0,46.66666666666799,245.99999999999997,5.85,6.85
190.0,3.1666666666666665,41.111111111111114,46.6666666666665,246.66666666666669,5.833333333333334,6.833333333333334
191.0,3.183333333333333,41.22222222222222,46.6666666666665,247.33333333333331,5.816666666666666,6.816666666666666
192.0,3.2,41.333333333333336,46.6666666666665,248.0,5.8,6.8
193.0,3.216666666666667,41.44444444444444,46.6666666666665,248.66666666666666,5.783333333333333,6.783333333333333
194.0,3.2333333333333334,41.55555555555556,46.66666666666799,249.33333333333334,5.766666666666667,6.766666666666667
195.0,3.25,41.66666666666667,46.66666666666501,250.00000000000006,5.75,6.75
196.0,3.2666666666666666,41.77777777777777,46.66666666666501,250.66666666666663,5.733333333333333,6.733333333333333
197.0,3.283333333333333,41.888888888888886,46.66666666666799,251.33333333333331,5.716666666666667,6.716666666666667
198.0,3.3,42.0,46.66666666666799,252.0,5.7,6.7
199.0,3.316666666666667,42.111111111111114,46.66666666666799,252.66666666666669,5.683333333333334,6.683333333333334
200.0,3.3333333333333335,42.22222222222223,46.6666666666665,253.33333333333337,5.666666666666666,6.666666666666666
201.0,3.35,42.333333333333336,46.66666666666501,254.0,5.65,6.65
202.0,3.3666666666666667,42.44444444444444,46.6666666666665,254.66666666666663,5.633333333333333,6.633333333333333
203.0,3.3833333333333333,42.55555555555556,46.6666666666665,255.33333333333334,5.616666666666667,6.616666666666667
204.0,3.4,42.666666666666664,46.66666666666501,255.99999999999997,5.6,6.6
205.0,3.4166666666666665,42.77777777777777,46.6666666666665,256.66666666666663,5.583333333333334,6.583333333333334
206.0,3.433333333333333,42.888888888888886,46.66666666666799,257.3333333333333,5.566666666666666,6.566666666666666
207.0,3.45,43.0,46.66666666666799,258.0,5.55,6.55
208.0,3.466666666666667,43.111111111111114,46.66666666666799,258.6666666666667,5.533333333333333,6.533333333333333
209.0,3.4833333333333334,43.22222222222223,46.66666666666501,259.33333333333337,5.516666666666667,6.516666666666667
210.0,3.5,43.33333333333333,46.66666666666501,260.0,5.5,6.5
211.0,3.5166666666666666,43.44444444444444,46.66666666666799,260.66666666666663,5.483333333333333,6.483333333333333
212.0,3.533333333333333,43.55555555555556,46.6666666666665,261.33333333333337,5.466666666666667,6.466666666666667
213.0,3.55,43.666666666666664,46.6666666666665,262.0,5.45,6.45
214.0,3.566666666666667,43.77777777777778,46.6666666666665,262.6666666666667,5.433333333333334,6.433333333333334
215.0,3.5833333333333335,43.888888888888886,46.6666666666665,263.3333333333333,5.416666666666666,6.416666666666666
216.0,3.6,44.0,46.66666666666799,264.0,5.4,6.4
217.0,3.6166666666666667,44.111111111111114,46.6666666666665,264.6666666666667,5.383333333333333,6.383333333333333
218.0,3.6333333333333333,44.22222222222222,46.66666666666501,265.33333333333337,5.366666666666667,6.366666666666667
219.0,3.65,44.33333333333333,46.6666666666665,266.0,5.35,6.35
220.0,3.6666666666666665,44.44444444444444,46.66666666666799,266.66666666666663,5.333333333333334,6.333333333333334
221.0,3.683333333333333,44.55555555555556,46.66666666666799,267.33333333333337,5.316666666666666,6.316666666666666
222.0,3.7,44.66666666666667,46.6666666666665,268.0,5.3,6.3
223.0,3.716666666666667,44.77777777777778,46.66666666666501,268.6666666666667,5.283333333333333,6.283333333333333
224.0,3.7333333333333334,44.888888888888886,46.6666666666665,269.3333333333333,5.266666666666667,6.266666666666667
225.0,3.75,45.0,46.66666666666799,270.0,5.25,6.25
226.0,3.7666666666666666,45.111111111111114,46.6666666666665,270.6666666666667,5.233333333333333,6.233333333333333
227.0,3.783333333333333,45.22222222222222,46.66666666666501,271.3333333333333,5.216666666666667,6.216666666666667
228.0,3.8,45.33333333333333,46.6666666666665,272.0,5.2,6.2
229.0,3.816666666666667,45.44444444444444,46.66666666666799,272.66666666666663,5.183333333333334,6.183333333333334
230.0,3.8333333333333335,45.55555555555556,46.66666666666799,273.3333333333333,5.166666666666666,6.166666666666666
231.0,3.85,45.66666666666667,46.6666666666665,274.00000000000006,5.15,6.15
232.0,3.8666666666666667,45.77777777777778,46.66666666666501,274.6666666666667,5.133333333333333,6.133333333333333
233.0,3.8833333333333333,45.888888888888886,46.6666666666665,275.3333333333333,5.116666666666667,6.116666666666667
234.0,3.9,46.0,46.66666666666799,276.0,5.1,6.1
235.0,3.9166666666666665,46.111111111111114,46.6666666666665,276.6666666666667,5.083333333333334,6.083333333333334
236.0,3.933333333333333,46.22222222222222,46.66666666666501,277.3333333333333,5.066666666666666,6.066666666666666
237.0,3.95,46.33333333333333,46.6666666666665,277.99999999999994,5.05,6.05
238.0,3.966666666666667,46.44444444444444,46.66666666666799,278.6666666666667,5.033333333333333,6.033333333333333
239.0,3.9833333333333334,46.55555555555556,46.6666666666665,279.3333333333333,5.016666666666667,6.016666666666667
240.0,4.0,46.666666666666664,46.6666666666665,279.99999999999994,5.0,6.0
241.0,4.016666666666667,46.77777777777778,46.6666666666665,280.6666666666667,4.983333333333333,5.983333333333333
242.0,4.033333333333333,46.888888888888886,46.6666666666665,281.3333333333333,4.966666666666667,5.966666666666667
243.0,4.05,47.0,46.66666666666799,282.0,4.95,5.95
244.0,4.066666666666666,47.111111111111114,46.6666666666665,282.6666666666667,4.933333333333334,5.933333333333334
245.0,4.083333333333333,47.22222222222222,46.66666666666501,283.3333333333333,4.916666666666667,5.916666666666667
246.0,4.1,47.33333333333333,46.6666666666665,283.99999999999994,4.9,5.9
247.0,4.116666666666666,47.44444444444444,46.66666666666799,284.6666666666667,4.883333333333334,5.883333333333334
248.0,4.133333333333334,47.55555555555556,46.66666666666799,285.3333333333333,4.866666666666666,5.866666666666666
249.0,4.15,47.66666666666667,46.66666666666799,286.00000000000006,4.85,5.85
250.0,4.166666666666667,47.777777777777786,46.66666666666501,286.66666666666674,4.833333333333333,5.833333333333333
251.0,4.183333333333334,47.888888888888886,46.66666666666501,287.3333333333333,4.816666666666666,5.816666666666666
252.0,4.2,48.0,46.66666666666799,288.0,4.8,5.8
253.0,4.216666666666667,48.111111111111114,46.6666666666665,288.6666666666667,4.783333333333333,5.783333333333333
254.0,4.233333333333333,48.22222222222222,46.66666666666501,289.3333333333333,4.766666666666667,5.766666666666667
255.0,4.25,48.33333333333333,46.6666666666665,289.99999999999994,4.75,5.75
256.0,4.266666666666667,48.44444444444444,46.66666666666799,290.6666666666667,4.733333333333333,5.733333333333333
257.0,4.283333333333333,48.55555555555556,46.6666666666665,291.33333333333337,4.716666666666667,5.716666666666667
258.0,4.3,48.666666666666664,46.6666666666665,292.0,4.7,5.7
259.0,4.316666666666666,48.77777777777778,46.6666666666665,292.6666666666667,4.683333333333334,5.683333333333334
260.0,4.333333333333333,48.888888888888886,46.6666666666665,293.3333333333333,4.666666666666667,5.666666666666667
261.0,4.35,49.0,46.66666666666799,294.0,4.65,5.65
262.0,4.366666666666666,49.111111111111114,46.66666666666799,294.6666666666667,4.633333333333334,5.633333333333334
263.0,4.383333333333334,49.22222222222223,46.6666666666665,295.33333333333337,4.616666666666666,5.616666666666666
264.0,4.4,49.333333333333336,46.66666666666501,296.0,4.6,5.6
265.0,4.416666666666667,49.44444444444444,46.6666666666665,296.66666666666663,4.583333333333333,5.583333333333333
266.0,4.433333333333334,49.55555555555556,46.66666666666799,297.33333333333337,4.566666666666666,5.566666666666666
267.0,4.45,49.66666666666667,46.6666666666665,298.0,4.55,5.55
268.0,4.466666666666667,49.77777777777778,46.66666666666501,298.6666666666667,4.533333333333333,5.533333333333333
269.0,4.483333333333333,49.888888888888886,46.6666666666665,299.3333333333333,4.516666666666667,5.516666666666667
270.0,4.5,50.0,46.66666666666799,300.0,4.5,5.5
271.0,4.516666666666667,50.111111111111114,46.66666666666501,300.6666666666667,4.483333333333333,5.483333333333333
272.0,4.533333333333333,50.222222222222214,46.66666666666501,301.33333333333326,4.466666666666667,5.466666666666667
273.0,4.55,50.33333333333333,46.66666666666799,302.0,4.45,5.45
274.0,4.566666666666666,50.44444444444444,46.6666666666665,302.6666666666667,4.433333333333334,5.433333333333334
275.0,4.583333333333333,50.55555555555555,46.6666666666665,303.3333333333333,4.416666666666667,5.416666666666667
276.0,4.6,50.666666666666664,46.66666666666799,303.99999999999994,4.4,5.4
277.0,4.616666666666666,50.77777777777778,46.6666666666665,304.6666666666667,4.383333333333334,5.383333333333334
278.0,4.633333333333334,50.888888888888886,46.6666666666665,305.3333333333333,4.366666666666666,5.366666666666666
279.0,4.65,51.0,46.66666666666799,306.0,4.35,5.35
280.0,4.666666666666667,51.111111111111114,46.6666666666665,306.6666666666667,4.333333333333333,5.333333333333333
281.0,4.683333333333334,51.22222222222222,46.6666666666665,307.33333333333337,4.316666666666666,5.316666666666666
282.0,4.7,51.333333333333336,46.66666666666799,308.0,4.3,5.3
283.0,4.716666666666667,51.44444444444445,46.6666666666665,308.6666666666667,4.283333333333333,5.283333333333333
284.0,4.733333333333333,51.55555555555556,46.6666666666665,309.3333333333333,4.266666666666667,5.266666666666667
285.0,4.75,51.66666666666667,46.6666666666665,310.00000000000006,4.25,5.25
286.0,4.766666666666667,51.77777777777778,46.66666666666501,310.6666666666667,4.233333333333333,5.233333333333333
287.0,4.783333333333333,51.888888888888886,46.6666666666665,311.3333333333333,4.216666666666667,5.216666666666667
288.0,4.8,52.0,46.66666666666799,312.0,4.2,5.2
289.0,4.816666666666666,52.111111111111114,46.6666666666665,312.66666666666674,4.183333333333334,5.183333333333334
290.0,4.833333333333333,52.22222222222222,46.66666666666501,313.33333333333337,4.166666666666667,5.166666666666667
291.0,4.85,52.33333333333333,46.6666666666665,314.0,4.15,5.15
292.0,4.866666666666666,52.44444444444444,46.66666666666799,314.66666666666663,4.133333333333334,5.133333333333334
293.0,4.883333333333334,52.55555555555556,46.66666666666799,315.3333333333333,4.116666666666666,5.116666666666666
294.0,4.9,52.66666666666667,46.6666666666665,316.00000000000006,4.1,5.1
295.0,4.916666666666667,52.77777777777778,46.6666666666665,316.6666666666667,4.083333333333333,5.083333333333333
296.0,4.933333333333334,52.88888888888889,46.6666666666665,317.33333333333337,4.066666666666666,5.066666666666666
297.0,4.95,53.0,46.66666666666501,318.0,4.05,5.05
298.0,4.966666666666667,53.11111111111111,46.6666666666665,318.66666666666663,4.033333333333333,5.033333333333333
299.0,4.983333333333333,53.22222222222222,46.66666666666799,319.33333333333337,4.016666666666667,5.016666666666667
300.0,5.0,53.333333333333336,46.6666666666665,320.0,4.0,5.0
301.0,5.016666666666667,53.44444444444444,46.6666666666665,320.66666666666663,3.9833333333333334,4.983333333333333
302.0,5.033333333333333,53.55555555555556,46.6666666666665,321.3333333333333,3.966666666666667,4.966666666666667
303.0,5.05,53.666666666666664,46.66666666666501,322.0,3.95,4.95
304.0,5.066666666666666,53.77777777777777,46.6666666666665,322.66666666666663,3.9333333333333336,4.933333333333334
305.0,5.083333333333333,53.888888888888886,46.66666666666799,323.3333333333333,3.916666666666667,4.916666666666667
306.0,5.1,54.0,46.6666666666665,324.0,3.9000000000000004,4.9
307.0,5.116666666666666,54.11111111111111,46.66666666666799,324.6666666666667,3.8833333333333337,4.883333333333334
308.0,5.133333333333334,54.22222222222223,46.66666666666799,325.33333333333337,3.8666666666666663,4.866666666666666
309.0,5.15,54.333333333333336,46.66666666666501,326.0,3.8499999999999996,4.85
310.0,5.166666666666667,54.44444444444444,46.6666666666665,326.66666666666663,3.833333333333333,4.833333333333333
311.0,5.183333333333334,54.55555555555556,46.66666666666799,327.33333333333337,3.8166666666666664,4.816666666666666
312.0,5.2,54.66666666666667,46.6666666666665,328.00000000000006,3.8,4.8
313.0,5.216666666666667,54.77777777777778,46.66666666666501,328.6666666666667,3.783333333333333,4.783333333333333
314.0,5.233333333333333,54.888888888888886,46.6666666666665,329.3333333333333,3.7666666666666666,4.766666666666667
315.0,5.25,55.0,46.6666666666665,330.0,3.75,4.75
316.0,5.266666666666667,55.11111111111111,46.6666666666665,330.6666666666667,3.7333333333333334,4.733333333333333
317.0,5.283333333333333,55.22222222222222,46.66666666666799,331.3333333333333,3.716666666666667,4.716666666666667
318.0,5.3,55.333333333333336,46.6666666666665,332.0,3.7,4.7
319.0,5.316666666666666,55.44444444444444,46.6666666666665,332.66666666666663,3.6833333333333336,4.683333333333334
320.0,5.333333333333333,55.55555555555556,46.6666666666665,333.33333333333337,3.666666666666667,4.666666666666667
321.0,5.35,55.666666666666664,46.66666666666501,334.0,3.6500000000000004,4.65
322.0,5.366666666666666,55.77777777777777,46.66666666666799,334.66666666666663,3.6333333333333337,4.633333333333334
323.0,5.383333333333334,55.88888888888889,46.666666666669485,335.3333333333333,3.6166666666666663,4.616666666666666
324.0,5.4,56.00000000000001,46.6666666666665,336.00000000000006,3.5999999999999996,4.6
325.0,5.416666666666667,56.111111111111114,46.66666666666501,336.6666666666667,3.583333333333333,4.583333333333333
326.0,5.433333333333334,56.22222222222222,46.6666666666665,337.3333333333333,3.5666666666666664,4.566666666666666
327.0,5.45,56.333333333333336,46.6666666666665,338.0,3.55,4.55
328.0,5.466666666666667,56.44444444444444,46.6666666666665,338.66666666666663,3.533333333333333,4.533333333333333
329.0,5.483333333333333,56.55555555555556,46.66666666666799,339.33333333333337,3.5166666666666666,4.516666666666667
330.0,5.5,56.66666666666667,46.6666666666665,340.00000000000006,3.5,4.5
331.0,5.516666666666667,56.77777777777778,46.66666666666501,340.6666666666667,3.4833333333333334,4.483333333333333
332.0,5.533333333333333,56.888888888888886,46.6666666666665,341.3333333333333,3.466666666666667,4.466666666666667
333.0,5.55,57.0,46.6666666666665,341.99999999999994,3.45,4.45
334.0,5.566666666666666,57.11111111111111,46.6666666666665,342.6666666666667,3.4333333333333336,4.433333333333334
335.0,5.583333333333333,57.22222222222222,46.66666666666799,343.3333333333333,3.416666666666667,4.416666666666667
336.0,5.6,57.333333333333336,46.6666666666665,344.0,3.4000000000000004,4.4
337.0,5.616666666666666,57.44444444444444,46.6666666666665,344.66666666666663,3.3833333333333337,4.383333333333334
338.0,5.633333333333334,57.55555555555556,46.6666666666665,345.33333333333337,3.3666666666666663,4.366666666666666
339.0,5.65,57.666666666666664,46.6666666666665,346.0,3.3499999999999996,4.35
340.0,5.666666666666667,57.77777777777778,46.66666666666799,346.6666666666667,3.333333333333333,4.333333333333333
341.0,5.683333333333334,57.88888888888889,46.6666666666665,347.3333333333333,3.3166666666666664,4.316666666666666
342.0,5.7,58.0,46.6666666666665,348.0,3.3,4.3
343.0,5.716666666666667,58.111111111111114,46.6666666666665,348.6666666666667,3.283333333333333,4.283333333333333
344.0,5.733333333333333,58.22222222222222,46.66666666666501,349.3333333333333,3.2666666666666666,4.266666666666667
345.0,5.75,58.33333333333333,46.6666666666665,349.99999999999994,3.25,4.25
346.0,5.766666666666667,58.44444444444444,46.66666666666799,350.6666666666667,3.2333333333333334,4.233333333333333
347.0,5.783333333333333,58.55555555555556,46.6666666666665,351.33333333333337,3.216666666666667,4.216666666666667
348.0,5.8,58.666666666666664,46.6666666666665,352.0,3.2,4.2
349.0,5.816666666666666,58.77777777777778,46.6666666666665,352.66666666666663,3.1833333333333336,4.183333333333334
350.0,5.833333333333333,58.888888888888886,46.66666666666501,353.33333333333337,3.166666666666667,4.166666666666667
351.0,5.85,58.99999999999999,46.6666666666665,354.0,3.1500000000000004,4.15
352.0,5.866666666666666,59.11111111111111,46.666666666669485,354.66666666666663,3.1333333333333337,4.133333333333334
353.0,5.883333333333334,59.22222222222223,46.66666666666799,355.33333333333337,3.1166666666666663,4.116666666666666
354.0,5.9,59.333333333333336,46.66666666666501,356.0,3.0999999999999996,4.1
355.0,5.916666666666667,59.44444444444444,46.6666666666665,356.6666666666667,3.083333333333333,4.083333333333333
356.0,5.933333333333334,59.55555555555556,46.6666666666665,357.33333333333337,3.0666666666666664,4.066666666666666
357.0,5.95,59.666666666666664,46.6666666666665,358.0,3.05,4.05
358.0,5.966666666666667,59.77777777777778,46.66666666666799,358.66666666666663,3.033333333333333,4.033333333333333
359.0,5.983333333333333,59.88888888888889,46.6666666666665,359.33333333333337,3.0166666666666666,4.016666666666667
360.0,6.0,60.0,46.6666666666665,360.0,3.0,4.0
361.0,6.016666666666667,60.111111111111114,46.6666666666665,360.6666666666667,2.9833333333333334,3.9833333333333334
362.0,6.033333333333333,60.22222222222222,46.66666666666501,361.3333333333333,2.966666666666667,3.966666666666667
363.0,6.05,60.33333333333333,46.6666666666665,361.99999999999994,2.95,3.95
364.0,6.066666666666666,60.44444444444444,46.66666666666799,362.6666666666667,2.9333333333333336,3.9333333333333336
365.0,6.083333333333333,60.55555555555556,46.6666666666665,363.33333333333337,2.916666666666667,3.916666666666667
366.0,6.1,60.666666666666664,46.66666666666501,364.0,2.9000000000000004,3.9000000000000004
367.0,6.116666666666666,60.77777777777777,46.66666666666799,364.66666666666663,2.8833333333333337,3.8833333333333337
368.0,6.133333333333334,60.88888888888889,46.66666666666799,365.33333333333337,2.8666666666666663,3.8666666666666663
369.0,6.15,61.0,46.6666666666665,366.0,2.8499999999999996,3.8499999999999996
370.0,6.166666666666667,61.111111111111114,46.66666666666799,366.6666666666667,2.833333333333333,3.833333333333333
371.0,6.183333333333334,61.22222222222223,46.6666666666665,367.3333333333334,2.8166666666666664,3.8166666666666664
372.0,6.2,61.333333333333336,46.66666666666501,368.00000000000006,2.8,3.8
373.0,6.216666666666667,61.44444444444444,46.6666666666665,368.6666666666667,2.783333333333333,3.783333333333333
374.0,6.233333333333333,61.55555555555556,46.6666666666665,369.3333333333333,2.7666666666666666,3.7666666666666666
375.0,6.25,61.666666666666664,46.6666666666665,370.0,2.75,3.75
376.0,6.266666666666667,61.77777777777778,46.66666666666799,370.66666666666663,2.7333333333333334,3.7333333333333334
377.0,6.283333333333333,61.88888888888889,46.6666666666665,371.33333333333337,2.716666666666667,3.716666666666667
378.0,6.3,62.0,46.66666666666501,372.0,2.7,3.7
379.0,6.316666666666666,62.11111111111111,46.6666666666665,372.66666666666663,2.6833333333333336,3.6833333333333336
380.0,6.333333333333333,62.22222222222222,46.6666666666665,373.3333333333333,2.666666666666667,3.666666666666667
381.0,6.35,62.33333333333333,46.6666666666665,374.0,2.6500000000000004,3.6500000000000004
382.0,6.366666666666666,62.44444444444444,46.66666666666799,374.6666666666667,2.6333333333333337,3.6333333333333337
383.0,6.383333333333334,62.55555555555556,46.66666666666799,375.3333333333333,2.6166666666666663,3.6166666666666663
384.0,6.4,62.66666666666667,46.6666666666665,376.0,2.5999999999999996,3.5999999999999996
385.0,6.416666666666667,62.77777777777778,46.66666666666501,376.6666666666667,2.583333333333333,3.583333333333333
386.0,6.433333333333334,62.888888888888886,46.6666666666665,377.3333333333333,2.5666666666666664,3.5666666666666664
387.0,6.45,63.0,46.66666666666799,378.0,2.55,3.55
388.0,6.466666666666667,63.111111111111114,46.6666666666665,378.6666666666667,2.533333333333333,3.533333333333333
389.0,6.483333333333333,63.22222222222222,46.6666666666665,379.33333333333337,2.5166666666666666,3.5166666666666666
390.0,6.5,63.333333333333336,46.6666666666665,380.0,2.5,3.5
391.0,6.516666666666667,63.44444444444444,46.66666666666501,380.6666666666667,2.4833333333333334,3.4833333333333334
392.0,6.533333333333333,63.55555555555555,46.6666666666665,381.3333333333333,2.466666666666667,3.466666666666667
393.0,6.55,63.666666666666664,46.66666666666799,381.99999999999994,2.45,3.45
394.0,6.566666666666666,63.77777777777778,46.6666666666665,382.6666666666667,2.4333333333333336,3.4333333333333336
395.0,6.583333333333333,63.888888888888886,46.6666666666665,383.3333333333333,2.416666666666667,3.416666666666667
396.0,6.6,64.0,46.66666666666799,384.0,2.4000000000000004,3.4000000000000004
397.0,6.616666666666666,64.11111111111111,46.66666666666799,384.6666666666667,2.3833333333333337,3.3833333333333337
398.0,6.633333333333334,64.22222222222223,46.66666666666799,385.33333333333337,2.3666666666666663,3.3666666666666663
399.0,6.65,64.33333333333334,46.66666666666799,386.00000000000006,2.3499999999999996,3.3499999999999996
400.0,6.666666666666667,64.44444444444446,46.66666666666501,386.66666666666674,2.333333333333333,3.333333333333333
401.0,6.683333333333334,64.55555555555556,46.66666666666501,387.3333333333333,2.3166666666666664,3.3166666666666664
402.0,6.7,64.66666666666667,46.66666666666501,388.00000000000006,2.3,3.3
403.0,6.716666666666667,64.77777777777777,46.66666666666501,388.66666666666663,2.283333333333333,3.283333333333333
404.0,6.733333333333333,64.88888888888889,46.66666666666799,389.3333333333333,2.2666666666666666,3.2666666666666666
405.0,6.75,65.0,46.66666666666799,390.0,2.25,3.25
406.0,6.766666666666667,65.11111111111111,46.66666666666799,390.66666666666674,2.2333333333333334,3.2333333333333334
407.0,6.783333333333333,65.22222222222223,46.66666666666501,391.33333333333337,2.216666666666667,3.216666666666667
408.0,6.8,65.33333333333333,46.66666666666501,392.0,2.2,3.2
409.0,6.816666666666666,65.44444444444444,46.66666666666501,392.66666666666663,2.1833333333333336,3.1833333333333336
410.0,6.833333333333333,65.55555555555554,46.66666666666501,393.33333333333326,2.166666666666667,3.166666666666667
411.0,6.85,65.66666666666666,46.66666666666799,394.0,2.1500000000000004,3.1500000000000004
412.0,6.866666666666666,65.77777777777777,46.66666666666799,394.66666666666663,2.1333333333333337,3.1333333333333337
413.0,6.883333333333334,65.88888888888889,46.66666666666799,395.3333333333333,2.1166666666666663,3.1166666666666663
414.0,6.9,66.0,46.66666666666799,396.0,2.0999999999999996,3.0999999999999996
415.0,6.916666666666667,66.11111111111111,46.66666666666799,396.66666666666663,2.083333333333333,3.083333333333333
416.0,6.933333333333334,66.22222222222223,46.66666666666799,397.33333333333337,2.0666666666666664,3.0666666666666664
417.0,6.95,66.33333333333334,46.66666666666799,398.00000000000006,2.05,3.05
418.0,6.966666666666667,66.44444444444446,46.66666666666501,398.66666666666674,2.033333333333333,3.033333333333333
419.0,6.983333333333333,66.55555555555556,46.666666666662024,399.3333333333333,2.0166666666666666,3.0166666666666666
420.0,7.0,66.66666666666666,46.66666666666501,399.9999999999999,2.0,3.0
421.0,7.016666666666667,66.77777777777777,46.66666666666799,400.66666666666663,1.9833333333333334,2.9833333333333334
422.0,7.033333333333333,66.88888888888889,46.66666666666799,401.3333333333333,1.9666666666666668,2.966666666666667
423.0,7.05,67.0,46.66666666666799,402.0,1.9500000000000002,2.95
424.0,7.066666666666666,67.11111111111111,46.66666666666799,402.6666666666667,1.9333333333333336,2.9333333333333336
425.0,7.083333333333333,67.22222222222223,46.66666666666501,403.33333333333337,1.916666666666667,2.916666666666667
426.0,7.1,67.33333333333333,46.66666666666501,404.0,1.9000000000000004,2.9000000000000004
427.0,7.116666666666666,67.44444444444444,46.66666666666799,404.66666666666663,1.8833333333333337,2.8833333333333337
428.0,7.133333333333334,67.55555555555556,46.66666666666799,405.33333333333337,1.8666666666666663,2.8666666666666663
429.0,7.15,67.66666666666667,46.66666666666501,406.00000000000006,1.8499999999999996,2.8499999999999996
430.0,7.166666666666667,67.77777777777777,46.66666666666501,406.66666666666663,1.833333333333333,2.833333333333333
431.0,7.183333333333334,67.88888888888889,46.66666666666799,407.3333333333333,1.8166666666666664,2.8166666666666664
432.0,7.2,68.0,46.66666666666799,408.00000000000006,1.7999999999999998,2.8
433.0,7.216666666666667,68.11111111111111,46.66666666666799,408.6666666666667,1.7833333333333332,2.783333333333333
434.0,7.233333333333333,68.22222222222223,46.66666666666799,409.33333333333337,1.7666666666666666,2.7666666666666666
435.0,7.25,68.33333333333334,46.66666666666501,410.00000000000006,1.75,2.75
436.0,7.266666666666667,68.44444444444444,46.66666666666501,410.66666666666663,1.7333333333333334,2.7333333333333334
437.0,7.283333333333333,68.55555555555556,46.66666666666501,411.33333333333337,1.7166666666666668,2.716666666666667
438.0,7.3,68.66666666666666,46.66666666666501,411.99999999999994,1.7000000000000002,2.7
439.0,7.316666666666666,68.77777777777777,46.66666666666799,412.66666666666663,1.6833333333333336,2.6833333333333336
440.0,7.333333333333333,68.88888888888889,46.66666666666799,413.3333333333333,1.666666666666667,2.666666666666667
441.0,7.35,69.0,46.66666666666799,413.99999999999994,1.6500000000000004,2.6500000000000004
442.0,7.366666666666666,69.11111111111111,46.66666666666799,414.6666666666667,1.6333333333333337,2.6333333333333337
443.0,7.383333333333334,69.22222222222223,46.66666666666799,415.33333333333337,1.6166666666666663,2.6166666666666663
444.0,7.4,69.33333333333334,46.66666666666501,416.00000000000006,1.5999999999999996,2.5999999999999996
445.0,7.416666666666667,69.44444444444444,46.66666666666501,416.66666666666663,1.583333333333333,2.583333333333333
446.0,7.433333333333334,69.55555555555556,46.66666666666799,417.33333333333337,1.5666666666666664,2.5666666666666664
447.0,7.45,69.66666666666667,46.66666666666501,418.00000000000006,1.5499999999999998,2.55
448.0,7.466666666666667,69.77777777777777,46.66666666666501,418.66666666666663,1.5333333333333332,2.533333333333333
449.0,7.483333333333333,69.88888888888889,46.66666666666799,419.3333333333333,1.5166666666666666,2.5166666666666666
450.0,7.5,70.0,46.66666666666799,420.0,1.5,2.5
451.0,7.516666666666667,70.11111111111111,46.66666666666799,420.6666666666667,1.4833333333333334,2.4833333333333334
452.0,7.533333333333333,70.22222222222223,46.66666666666799,421.33333333333337,1.4666666666666668,2.466666666666667
453.0,7.55,70.33333333333334,46.66666666666501,422.0000000000001,1.4500000000000002,2.45
454.0,7.566666666666666,70.44444444444444,46.66666666666501,422.66666666666663,1.4333333333333336,2.4333333333333336
455.0,7.583333333333333,70.55555555555556,46.66666666666501,423.33333333333337,1.416666666666667,2.416666666666667
456.0,7.6,70.66666666666666,46.66666666666501,423.99999999999994,1.4000000000000004,2.4000000000000004
457.0,7.616666666666666,70.77777777777777,46.66666666666799,424.66666666666663,1.3833333333333337,2.3833333333333337
458.0,7.633333333333334,70.88888888888889,46.66666666666799,425.3333333333333,1.3666666666666663,2.3666666666666663
459.0,7.65,71.0,46.66666666666799,426.0,1.3499999999999996,2.3499999999999996
460.0,7.666666666666667,71.11111111111111,46.66666666666799,426.6666666666667,1.333333333333333,2.333333333333333
461.0,7.683333333333334,71.22222222222223,46.66666666666799,427.33333333333337,1.3166666666666664,2.3166666666666664
462.0,7.7,71.33333333333334,46.66666666666501,428.0,1.2999999999999998,2.3
463.0,7.716666666666667,71.44444444444444,46.66666666666501,428.6666666666667,1.2833333333333332,2.283333333333333
464.0,7.733333333333333,71.55555555555556,46.66666666666799,429.33333333333337,1.2666666666666666,2.2666666666666666
465.0,7.75,71.66666666666667,46.66666666666501,430.0,1.25,2.25
466.0,7.766666666666667,71.77777777777777,46.66666666666501,430.66666666666663,1.2333333333333334,2.2333333333333334
467.0,7.783333333333333,71.88888888888889,46.66666666666799,431.33333333333337,1.2166666666666668,2.216666666666667
468.0,7.8,72.0,46.66666666666799,432.0,1.2000000000000002,2.2
469.0,7.816666666666666,72.11111111111111,46.66666666666799,432.6666666666667,1.1833333333333336,2.1833333333333336
470.0,7.833333333333333,72.22222222222223,46.66666666666799,433.33333333333337,1.166666666666667,2.166666666666667
471.0,7.85,72.33333333333334,46.66666666666501,434.00000000000006,1.1500000000000004,2.1500000000000004
472.0,7.866666666666666,72.44444444444444,46.66666666666501,434.6666666666667,1.1333333333333337,2.1333333333333337
473.0,7.883333333333334,72.55555555555556,46.66666666666501,435.33333333333337,1.1166666666666663,2.1166666666666663
474.0,7.9,72.66666666666666,46.66666666666501,435.99999999999994,1.0999999999999996,2.0999999999999996
475.0,7.916666666666667,72.77777777777777,46.66666666666799,436.66666666666663,1.083333333333333,2.083333333333333
476.0,7.933333333333334,72.88888888888889,46.66666666666799,437.33333333333326,1.0666666666666664,2.0666666666666664
477.0,7.95,73.0,46.66666666666799,438.0,1.0499999999999998,2.05
478.0,7.966666666666667,73.11111111111111,46.66666666666799,438.6666666666667,1.0333333333333332,2.033333333333333
479.0,7.983333333333333,73.22222222222223,46.66666666666501,439.33333333333337,1.0166666666666666,2.0166666666666666
480.0,8.0,73.33333333333333,46.66666666666799,439.99999999999994,1.0,2.0
481.0,8.016666666666667,73.44444444444446,46.66666666666799,440.66666666666674,0.9833333333333325,1.9833333333333325
482.0,8.033333333333333,73.55555555555556,46.66666666666501,441.3333333333333,0.9666666666666668,1.9666666666666668
483.0,8.05,73.66666666666667,46.66666666666501,442.0,0.9499999999999993,1.9499999999999993
484.0,8.066666666666666,73.77777777777777,46.66666666666501,442.66666666666663,0.9333333333333336,1.9333333333333336
485.0,8.083333333333334,73.88888888888889,46.66666666666799,443.3333333333333,0.9166666666666661,1.916666666666666
486.0,8.1,74.0,46.66666666666799,444.0,0.9000000000000004,1.9000000000000004
487.0,8.116666666666667,74.11111111111111,46.66666666666799,444.6666666666667,0.8833333333333329,1.8833333333333329
488.0,8.133333333333333,74.22222222222223,46.66666666666799,445.3333333333334,0.8666666666666671,1.8666666666666671
489.0,8.15,74.33333333333334,46.66666666666501,446.00000000000006,0.8499999999999996,1.8499999999999996
490.0,8.166666666666666,74.44444444444444,46.66666666666501,446.6666666666667,0.8333333333333339,1.833333333333334
491.0,8.183333333333334,74.55555555555556,46.66666666666501,447.3333333333333,0.8166666666666664,1.8166666666666664
492.0,8.2,74.66666666666666,46.66666666666501,447.99999999999994,0.8000000000000007,1.8000000000000007
493.0,8.216666666666667,74.77777777777777,46.66666666666799,448.6666666666667,0.7833333333333332,1.7833333333333332
494.0,8.233333333333333,74.88888888888889,46.66666666666799,449.3333333333333,0.7666666666666675,1.7666666666666675
495.0,8.25,75.0,46.66666666666799,450.0,0.75,1.75
496.0,8.266666666666667,75.11111111111111,46.66666666666799,450.6666666666667,0.7333333333333325,1.7333333333333325
497.0,8.283333333333333,75.22222222222223,46.66666666666799,451.3333333333333,0.7166666666666668,1.7166666666666668
498.0,8.3,75.33333333333334,46.66666666666501,452.00000000000006,0.6999999999999993,1.6999999999999993
499.0,8.316666666666666,75.44444444444444,46.66666666666799,452.6666666666667,0.6833333333333336,1.6833333333333336
500.0,8.333333333333334,75.55555555555557,46.66666666666501,453.3333333333334,0.6666666666666661,1.666666666666666
501.0,8.35,75.66666666666666,46.666666666662024,453.99999999999994,0.6500000000000004,1.6500000000000004
502.0,8.366666666666667,75.77777777777777,46.66666666666799,454.6666666666666,0.6333333333333329,1.6333333333333329
503.0,8.383333333333333,75.88888888888889,46.66666666666799,455.3333333333333,0.6166666666666671,1.6166666666666671
504.0,8.4,76.0,46.66666666666799,456.0,0.5999999999999996,1.5999999999999996
505.0,8.416666666666666,76.11111111111111,46.66666666666799,456.6666666666667,0.5833333333333339,1.583333333333334
506.0,8.433333333333334,76.22222222222223,46.66666666666501,457.33333333333337,0.5666666666666664,1.5666666666666664
507.0,8.45,76.33333333333333,46.66666666666501,458.0,0.5500000000000007,1.5500000000000007
508.0,8.466666666666667,76.44444444444444,46.66666666666501,458.6666666666667,0.5333333333333332,1.5333333333333332
509.0,8.483333333333333,76.55555555555554,46.66666666666501,459.33333333333326,0.5166666666666675,1.5166666666666675
510.0,8.5,76.66666666666666,46.66666666667098,459.99999999999994,0.5,1.5
511.0,8.516666666666667,76.77777777777779,46.66666666666799,460.66666666666674,0.4833333333333325,1.4833333333333325
512.0,8.533333333333333,76.88888888888889,46.66666666666501,461.3333333333333,0.4666666666666668,1.4666666666666668
513.0,8.55,77.0,46.66666666666799,462.0,0.4499999999999993,1.4499999999999993
514.0,8.566666666666666,77.11111111111111,46.66666666666799,462.66666666666674,0.43333333333333357,1.4333333333333336
515.0,8.583333333333334,77.22222222222223,46.66666666666501,463.33333333333337,0.4166666666666661,1.416666666666666
516.0,8.6,77.33333333333333,46.66666666666799,464.0,0.40000000000000036,1.4000000000000004
517.0,8.616666666666667,77.44444444444446,46.66666666666799,464.66666666666674,0.38333333333333286,1.3833333333333329
518.0,8.633333333333333,77.55555555555556,46.66666666666501,465.3333333333333,0.36666666666666714,1.3666666666666671
519.0,8.65,77.66666666666667,46.66666666666501,466.00000000000006,0.34999999999999964,1.3499999999999996
520.0,8.666666666666666,77.77777777777777,46.66666666666501,466.66666666666663,0.3333333333333339,1.333333333333334
521.0,8.683333333333334,77.88888888888889,46.66666666666799,467.3333333333333,0.31666666666666643,1.3166666666666664
522.0,8.7,78.0,46.66666666666799,468.0,0.3000000000000007,1.3000000000000007
523.0,8.716666666666667,78.11111111111111,46.66666666666799,468.66666666666663,0.2833333333333332,1.2833333333333332
524.0,8.733333333333333,78.22222222222223,46.66666666666799,469.33333333333337,0.2666666666666675,1.2666666666666675
525.0,8.75,78.33333333333334,46.66666666666799,470.00000000000006,0.25,1.25
526.0,8.766666666666667,78.44444444444446,46.666666666662024,470.66666666666674,0.2333333333333325,1.2333333333333325
527.0,8.783333333333333,78.55555555555554,46.66666666666501,471.33333333333326,0.21666666666666679,1.2166666666666668
528.0,8.8,78.66666666666667,46.66666666666799,472.00000000000006,0.1999999999999993,1.1999999999999993
529.0,8.816666666666666,78.77777777777777,46.66666666666501,472.66666666666663,0.18333333333333357,1.1833333333333336
530.0,8.833333333333334,78.88888888888889,46.66666666666799,473.3333333333333,0.16666666666666607,1.166666666666666
531.0,8.85,79.0,46.66666666666799,474.0,0.15000000000000036,1.1500000000000004
532.0,8.866666666666667,79.11111111111111,46.66666666666501,474.6666666666667,0.13333333333333286,1.1333333333333329
533.0,8.883333333333333,79.22222222222221,46.66666666666799,475.3333333333333,0.11666666666666714,1.1166666666666671
534.0,8.9,79.33333333333334,46.66666666666799,476.00000000000006,0.09999999999999964,1.0999999999999996
535.0,8.916666666666666,79.44444444444444,46.66666666666501,476.66666666666663,0.08333333333333393,1.083333333333334
536.0,8.933333333333334,79.55555555555556,46.66666666666501,477.33333333333337,0.06666666666666643,1.0666666666666664
537.0,8.95,79.66666666666666,46.66666666666501,477.9999999999999,0.05000000000000071,1.0500000000000007
538.0,8.966666666666667,79.77777777777777,46.66666666666799,478.66666666666663,0.033333333333333215,1.0333333333333332
539.0,8.983333333333333,79.88888888888889,46.66666666666799,479.3333333333333,0.016666666666667496,1.0166666666666675
540.0,9.0,80.0,93.33333333333599,480.0,0.0,1.0
541.0,9.016666666666667,80.33333333333334,139.999999999998,482.00000000000006,0.0,0.9833333333333325
542.0,9.033333333333333,80.66666666666666,140.000000000001,483.99999999999994,0.0,0.9666666666666668
543.0,9.05,81.00000000000001,140.000000000001,486.0000000000001,0.0,0.9499999999999993
544.0,9.066666666666666,81.33333333333333,140.000000000001,487.99999999999994,0.0,0.9333333333333336
545.0,9.083333333333334,81.66666666666669,140.000000000001,490.0000000000001,0.0,0.9166666666666661
546.0,9.1,82.0,139.999999999998,491.99999999999994,0.0,0.9000000000000004
547.0,9.116666666666667,82.33333333333334,139.999999999998,494.00000000000006,0.0,0.8833333333333329
548.0,9.133333333333333,82.66666666666666,139.999999999998,495.99999999999994,0.0,0.8666666666666671
549.0,9.15,83.0,139.999999999998,498.0,0.0,0.8499999999999996
550.0,9.166666666666666,83.33333333333331,140.000000000001,499.9999999999999,0.0,0.8333333333333339
551.0,9.183333333333334,83.66666666666667,140.000000000001,502.0,0.0,0.8166666666666664
552.0,9.2,83.99999999999999,140.000000000001,503.9999999999999,0.0,0.8000000000000007
553.0,9.216666666666667,84.33333333333334,140.000000000001,506.0,0.0,0.7833333333333332
554.0,9.233333333333333,84.66666666666666,139.999999999998,507.99999999999994,0.0,0.7666666666666675
555.0,9.25,85.0,140.00000000000398,510.0,0.0,0.75
556.0,9.266666666666667,85.33333333333334,139.999999999998,512.0,0.0,0.7333333333333325
557.0,9.283333333333333,85.66666666666666,140.000000000001,514.0,0.0,0.7166666666666668
558.0,9.3,86.00000000000001,140.000000000001,516.0000000000001,0.0,0.6999999999999993
559.0,9.316666666666666,86.33333333333333,140.000000000001,518.0,0.0,0.6833333333333336
560.0,9.333333333333334,86.66666666666669,140.000000000001,520.0000000000001,0.0,0.6666666666666661
561.0,9.35,87.0,139.999999999998,522.0,0.0,0.6500000000000004
562.0,9.366666666666667,87.33333333333334,139.999999999998,524.0,0.0,0.6333333333333329
563.0,9.383333333333333,87.66666666666666,139.999999999998,526.0,0.0,0.6166666666666671
564.0,9.4,88.0,139.999999999998,528.0,0.0,0.5999999999999996
565.0,9.416666666666666,88.33333333333331,140.000000000001,529.9999999999999,0.0,0.5833333333333339
566.0,9.433333333333334,88.66666666666667,140.000000000001,532.0,0.0,0.5666666666666664
567.0,9.45,88.99999999999999,140.000000000001,533.9999999999999,0.0,0.5500000000000007
568.0,9.466666666666667,89.33333333333334,140.000000000001,536.0,0.0,0.5333333333333332
569.0,9.483333333333333,89.66666666666666,139.999999999998,538.0,0.0,0.5166666666666675
570.0,9.5,90.0,140.00000000000398,540.0,0.0,0.5
571.0,9.516666666666667,90.33333333333334,139.999999999998,542.0000000000001,0.0,0.4833333333333325
572.0,9.533333333333333,90.66666666666666,140.000000000001,544.0,0.0,0.4666666666666668
573.0,9.55,91.00000000000001,140.000000000001,546.0000000000001,0.0,0.4499999999999993
574.0,9.566666666666666,91.33333333333333,140.000000000001,548.0,0.0,0.43333333333333357
575.0,9.583333333333334,91.66666666666669,140.000000000001,550.0000000000001,0.0,0.4166666666666661
576.0,9.6,92.0,139.999999999998,552.0,0.0,0.40000000000000036
577.0,9.616666666666667,92.33333333333334,139.999999999998,554.0000000000001,0.0,0.38333333333333286
578.0,9.633333333333333,92.66666666666666,139.999999999998,555.9999999999999,0.0,0.36666666666666714
579.0,9.65,93.0,139.999999999998,558.0,0.0,0.34999999999999964
580.0,9.666666666666666,93.33333333333331,140.000000000001,559.9999999999999,0.0,0.3333333333333339
581.0,9.683333333333334,93.66666666666667,140.000000000001,562.0,0.0,0.31666666666666643
582.0,9.7,93.99999999999999,140.000000000001,563.9999999999999,0.0,0.3000000000000007
583.0,9.716666666666667,94.33333333333334,140.000000000001,566.0000000000001,0.0,0.2833333333333332
584.0,9.733333333333333,94.66666666666666,139.999999999998,567.9999999999999,0.0,0.2666666666666675
585.0,9.75,95.0,140.00000000000398,570.0,0.0,0.25
586.0,9.766666666666667,95.33333333333334,139.999999999998,572.0000000000001,0.0,0.2333333333333325
587.0,9.783333333333333,95.66666666666666,140.000000000001,573.9999999999999,0.0,0.21666666666666679
588.0,9.8,96.00000000000001,140.000000000001,576.0000000000001,0.0,0.1999999999999993
589.0,9.816666666666666,96.33333333333333,140.000000000001,578.0,0.0,0.18333333333333357
590.0,9.833333333333334,96.66666666666669,140.000000000001,580.0000000000001,0.0,0.16666666666666607
591.0,9.85,97.0,139.999999999998,582.0,0.0,0.15000000000000036
592.0,9.866666666666667,97.33333333333334,139.999999999998,584.0,0.0,0.13333333333333286
593.0,9.883333333333333,97.66666666666666,139.999999999998,586.0,0.0,0.11666666666666714
594.0,9.9,98.0,139.999999999998,588.0,0.0,0.09999999999999964
595.0,9.916666666666666,98.33333333333331,140.000000000001,589.9999999999999,0.0,0.08333333333333393
596.0,9.933333333333334,98.66666666666667,140.000000000001,592.0,0.0,0.06666666666666643
597.0,9.95,98.99999999999999,140.000000000001,593.9999999999999,0.0,0.05000000000000071
598.0,9.966666666666667,99.33333333333334,140.000000000001,596.0,0.0,0.033333333333333215
599.0,9.983333333333333,99.66666666666666,139.999999999998,598.0,0.0,0.016666666666667496
600.0,10.0,100.0,140.00000000000398,600.0,0.0,0.0
