t_s,speed_mps,traction_power_kw,battery_current_a,battery_voltage_v,battery_power_kw,regen_power_kw,soc,charge_pct,ocv_v,vp_v,temperature_c,thermal_status_code,thermal_alert,efficiency_km_per_kwh,soh_pct,range_km,time_to_80_hr,time_to_100_hr
0.0,0.0,0.0,-158.35921789262525,315.7378564088532,-50.0,0.0,0.2,20.0,309.0867692573629,0.0,30.0,0.0,0.0,0.0,99.99947525637221,0.0,0.5934465969741368,0.9890776616235613
1.0,0.0,0.0,-158.35921789262525,315.7378564088532,-50.0,0.0,0.2,20.0,309.0867692573629,0.0,30.0,0.0,0.0,0.0,99.99894885016087,0.0,0.5934465969741368,0.9890776616235613
2.0,0.0,0.0,-158.35921789262525,315.7378564088532,-50.0,0.0,0.2,20.0,309.0867692573629,0.0,30.0,0.0,0.0,0.0,99.99842244394955,0.0,0.5934465969741368,0.9890776616235613
3.0,0.0,0.0,-158.35921789262525,315.7378564088532,-50.0,0.0,0.2,20.0,309.0867692573629,0.0,30.0,0.0,0.0,0.0,99.99789603773822,0.0,0.5934465969741368,0.9890776616235613
4.0,0.0,0.0,-158.35921789262525,315.7378564088532,-50.0,0.0,0.2,20.0,309.0867692573629,0.0,30.0,0.0,0.0,0.0,99.99736963152688,0.0,0.5934465969741368,0.9890776616235613
5.0,0.0,0.0,-158.35921789262525,315.7378564088532,-50.0,0.0,0.2,20.0,309.0867692573629,0.0,30.0,0.0,0.0,0.0,99.99684322531556,0.0,0.5934465969741368,0.9890776616235613
6.0,0.0,0.0,-158.35921789262525,315.7378564088532,-50.0,0.0,0.2,20.0,309.0867692573629,0.0,30.0,0.0,0.0,0.0,99.99631681910422,0.0,0.5934465969741368,0.9890776616235613
7.0,0.0,0.0,-158.35921789262525,315.7378564088532,-50.0,0.0,0.2,20.0,309.0867692573629,0.0,30.0,0.0,0.0,0.0,99.9957904128929,0.0,0.5934465969741368,0.9890776616235613
8.0,0.0,0.0,-158.35921789262525,315.7378564088532,-50.0,0.0,0.2,20.0,309.0867692573629,0.0,30.0,0.0,0.0,0.0,99.99526400668158,0.0,0.5934465969741368,0.9890776616235613
9.0,0.0,0.0,-158.35921789262525,315.7378564088532,-50.0,0.0,0.2,20.0,309.0867692573629,0.0,30.0,0.0,0.0,0.0,99.99473760047024,0.0,0.5934465969741368,0.9890776616235613
10.0,0.0,0.0,-158.35921789262525,315.7378564088532,-50.0,0.0,0.2,20.0,309.0867692573629,0.0,30.0,0.0,0.0,0.0,99.99421119425891,0.0,0.5934465969741368,0.9890776616235613
11.0,0.0,0.0,-158.35921789262525,315.7378564088532,-50.0,0.0,0.2,20.0,309.0867692573629,0.0,30.0,0.0,0.0,0.0,99.99368478804757,0.0,0.5934465969741368,0.9890776616235613
12.0,0.0,0.0,-158.35921789262525,315.7378564088532,-50.0,0.0,0.2,20.0,309.0867692573629,0.0,30.0,0.0,0.0,0.0,99.99315838183625,0.0,0.5934465969741368,0.9890776616235613
13.0,0.0,0.0,-158.35921789262525,315.7378564088532,-50.0,0.0,0.2,20.0,309.0867692573629,0.0,30.0,0.0,0.0,0.0,99.99263197562493,0.0,0.5934465969741368,0.9890776616235613
14.0,0.0,0.0,-158.35921789262525,315.7378564088532,-50.0,0.0,0.2,20.0,309.0867692573629,0.0,30.0,0.0,0.0,0.0,99.9921055694136,0.0,0.5934465969741368,0.9890776616235613
15.0,0.0,0.0,-158.35921789262525,315.7378564088532,-50.0,0.0,0.2,20.0,309.0867692573629,0.0,30.0,0.0,0.0,0.0,99.99157916320227,0.0,0.5934465969741368,0.9890776616235613
16.0,0.0,0.0,-158.35921789262525,315.7378564088532,-50.0,0.0,0.2,20.0,309.0867692573629,0.0,30.0,0.0,0.0,0.0,99.99105275699092,0.0,0.5934465969741368,0.9890776616235613
17.0,0.0,0.0,-158.35921789262525,315.7378564088532,-50.0,0.0,0.2,20.0,309.0867692573629,0.0,30.0,0.0,0.0,0.0,99.9905263507796,0.0,0.5934465969741368,0.9890776616235613
18.0,0.0,0.0,-158.35921789262525,315.7378564088532,-50.0,0.0,0.2,20.0,309.0867692573629,0.0,30.0,0.0,0.0,0.0,99.98999994456828,0.0,0.5934465969741368,0.9890776616235613
19.0,0.0,0.0,-158.35921789262525,315.7378564088532,-50.0,0.0,0.2,20.0,309.0867692573629,0.0,30.0,0.0,0.0,0.0,99.98947353835695,0.0,0.5934465969741368,0.9890776616235613
20.0,0.0,0.0,-158.35921789262525,315.7378564088532,-50.0,0.0,0.2,20.0,309.0867692573629,0.0,30.0,0.0,0.0,0.0,99.98894713214563,0.0,0.5934465969741368,0.9890776616235613
21.0,0.0,0.0,-158.35921789262525,315.7378564088532,-50.0,0.0,0.2,20.0,309.0867692573629,0.0,30.0,0.0,0.0,0.0,99.98842072593429,0.0,0.5934465969741368,0.9890776616235613
22.0,0.0,0.0,-158.35921789262525,315.7378564088532,-50.0,0.0,0.2,20.0,309.0867692573629,0.0,30.0,0.0,0.0,0.0,99.98789431972295,0.0,0.5934465969741368,0.9890776616235613
23.0,0.0,0.0,-158.35921789262525,315.7378564088532,-50.0,0.0,0.2,20.0,309.0867692573629,0.0,30.0,0.0,0.0,0.0,99.98736791351163,0.0,0.5934465969741368,0.9890776616235613
24.0,0.0,0.0,-158.35921789262525,315.7378564088532,-50.0,0.0,0.2,20.0,309.0867692573629,0.0,30.0,0.0,0.0,0.0,99.9868415073003,0.0,0.5934465969741368,0.9890776616235613
25.0,0.0,0.0,-158.35921789262525,315.7378564088532,-50.0,0.0,0.2,20.0,309.0867692573629,0.0,30.0,0.0,0.0,0.0,99.98631510108898,0.0,0.5934465969741368,0.9890776616235613
26.0,0.0,0.0,-158.35921789262525,315.7378564088532,-50.0,0.0,0.2,20.0,309.0867692573629,0.0,30.0,0.0,0.0,0.0,99.98578869487766,0.0,0.5934465969741368,0.9890776616235613
27.0,0.0,0.0,-158.35921789262525,315.7378564088532,-50.0,0.0,0.2,20.0,309.0867692573629,0.0,30.0,0.0,0.0,0.0,99.9852622886663,0.0,0.5934465969741368,0.9890776616235613
28.0,0.0,0.0,-158.35921789262525,315.7378564088532,-50.0,0.0,0.2,20.0,309.0867692573629,0.0,30.0,0.0,0.0,0.0,99.98473588245498,0.0,0.5934465969741368,0.9890776616235613
29.0,0.0,0.0,-158.35921789262525,315.7378564088532,-50.0,0.0,0.2,20.0,309.0867692573629,0.0,30.0,0.0,0.0,0.0,99.98420947624365,0.0,0.5934465969741368,0.9890776616235613
30.0,0.0,0.0,-158.35921789262525,315.7378564088532,-50.0,0.0,0.2,20.0,309.0867692573629,0.0,30.0,0.0,0.0,0.0,99.98368307003233,0.0,0.5934465969741368,0.9890776616235613
31.0,0.0,0.0,-158.35921789262525,315.7378564088532,-50.0,0.0,0.2,20.0,309.0867692573629,0.0,30.0,0.0,0.0,0.0,99.983156663821,0.0,0.5934465969741368,0.9890776616235613
32.0,0.0,0.0,-158.35921789262525,315.7378564088532,-50.0,0.0,0.2,20.0,309.0867692573629,0.0,30.0,0.0,0.0,0.0,99.98263025760967,0.0,0.5934465969741368,0.9890776616235613
33.0,0.0,0.0,-158.35921789262525,315.7378564088532,-50.0,0.0,0.2,20.0,309.0867692573629,0.0,30.0,0.0,0.0,0.0,99.98210385139834,0.0,0.5934465969741368,0.9890776616235613
34.0,0.0,0.0,-158.35921789262525,315.7378564088532,-50.0,0.0,0.2,20.0,309.0867692573629,0.0,30.0,0.0,0.0,0.0,99.98157744518701,0.0,0.5934465969741368,0.9890776616235613
35.0,0.0,0.0,-158.35921789262525,315.7378564088532,-50.0,0.0,0.2,20.0,309.0867692573629,0.0,30.0,0.0,0.0,0.0,99.98105103897568,0.0,0.5934465969741368,0.9890776616235613
36.0,0.0,0.0,-158.35921789262525,315.7378564088532,-50.0,0.0,0.2,20.0,309.0867692573629,0.0,30.0,0.0,0.0,0.0,99.98052463276436,0.0,0.5934465969741368,0.9890776616235613
37.0,0.0,0.0,-158.35921789262525,315.7378564088532,-50.0,0.0,0.2,20.0,309.0867692573629,0.0,30.0,0.0,0.0,0.0,99.97999822655302,0.0,0.5934465969741368,0.9890776616235613
38.0,0.0,0.0,-158.35921789262525,315.7378564088532,-50.0,0.0,0.2,20.0,309.0867692573629,0.0,30.0,0.0,0.0,0.0,99.97947182034169,0.0,0.5934465969741368,0.9890776616235613
39.0,0.0,0.0,-158.35921789262525,315.7378564088532,-50.0,0.0,0.2,20.0,309.0867692573629,0.0,30.0,0.0,0.0,0.0,99.97894541413037,0.0,0.5934465969741368,0.9890776616235613
40.0,0.0,0.0,-158.35921789262525,315.7378564088532,-50.0,0.0,0.2,20.0,309.0867692573629,0.0,30.0,0.0,0.0,0.0,99.97841900791903,0.0,0.5934465969741368,0.9890776616235613
41.0,0.0,0.0,-158.35921789262525,315.7378564088532,-50.0,0.0,0.2,20.0,309.0867692573629,0.0,30.0,0.0,0.0,0.0,99.97789260170771,0.0,0.5934465969741368,0.9890776616235613
42.0,0.0,0.0,-158.35921789262525,315.7378564088532,-50.0,0.0,0.2,20.0,309.0867692573629,0.0,30.0,0.0,0.0,0.0,99.97736619549637,0.0,0.5934465969741368,0.9890776616235613
43.0,0.0,0.0,-158.35921789262525,315.7378564088532,-50.0,0.0,0.2,20.0,309.0867692573629,0.0,30.0,0.0,0.0,0.0,99.97683978928505,0.0,0.5934465969741368,0.9890776616235613
44.0,0.0,0.0,-158.35921789262525,315.7378564088532,-50.0,0.0,0.2,20.0,309.0867692573629,0.0,30.0,0.0,0.0,0.0,99.97631338307372,0.0,0.5934465969741368,0.9890776616235613
45.0,0.0,0.0,-158.35921789262525,315.7378564088532,-50.0,0.0,0.2,20.0,309.0867692573629,0.0,30.0,0.0,0.0,0.0,99.97578697686238,0.0,0.5934465969741368,0.9890776616235613
46.0,0.0,0.0,-158.35921789262525,315.7378564088532,-50.0,0.0,0.2,20.0,309.0867692573629,0.0,30.0,0.0,0.0,0.0,99.97526057065106,0.0,0.5934465969741368,0.9890776616235613
47.0,0.0,0.0,-158.35921789262525,315.7378564088532,-50.0,0.0,0.2,20.0,309.0867692573629,0.0,30.0,0.0,0.0,0.0,99.97473416443974,0.0,0.5934465969741368,0.9890776616235613
48.0,0.0,0.0,-158.35921789262525,315.7378564088532,-50.0,0.0,0.2,20.0,309.0867692573629,0.0,30.0,0.0,0.0,0.0,99.9742077582284,0.0,0.5934465969741368,0.9890776616235613
49.0,0.0,0.0,-158.35921789262525,315.7378564088532,-50.0,0.0,0.2,20.0,309.0867692573629,0.0,30.0,0.0,0.0,0.0,99.97368135201708,0.0,0.5934465969741368,0.9890776616235613
50.0,0.0,0.0,-158.35921789262525,315.7378564088532,-50.0,0.0,0.2,20.0,309.0867692573629,0.0,30.0,0.0,0.0,0.0,99.97315494580573,0.0,0.5934465969741368,0.9890776616235613
51.0,0.0,0.0,-158.35921789262525,315.7378564088532,-50.0,0.0,0.2,20.0,309.0867692573629,0.0,30.0,0.0,0.0,0.0,99.97262853959441,0.0,0.5934465969741368,0.9890776616235613
52.0,0.0,0.0,-158.35921789262525,315.7378564088532,-50.0,0.0,0.2,20.0,309.0867692573629,0.0,30.0,0.0,0.0,0.0,99.97210213338309,0.0,0.5934465969741368,0.9890776616235613
53.0,0.0,0.0,-158.35921789262525,315.7378564088532,-50.0,0.0,0.2,20.0,309.0867692573629,0.0,30.0,0.0,0.0,0.0,99.97157572717175,0.0,0.5934465969741368,0.9890776616235613
54.0,0.0,0.0,-158.35921789262525,315.7378564088532,-50.0,0.0,0.2,20.0,309.0867692573629,0.0,30.0,0.0,0.0,0.0,99.97104932096043,0.0,0.5934465969741368,0.9890776616235613
55.0,0.0,0.0,-158.35921789262525,315.7378564088532,-50.0,0.0,0.2,20.0,309.0867692573629,0.0,30.0,0.0,0.0,0.0,99.9705229147491,0.0,0.5934465969741368,0.9890776616235613
56.0,0.0,0.0,-158.35921789262525,315.7378564088532,-50.0,0.0,0.2,20.0,309.0867692573629,0.0,30.0,0.0,0.0,0.0,99.96999650853776,0.0,0.5934465969741368,0.9890776616235613
57.0,0.0,0.0,-158.35921789262525,315.7378564088532,-50.0,0.0,0.2,20.0,309.0867692573629,0.0,30.0,0.0,0.0,0.0,99.96947010232644,0.0,0.5934465969741368,0.9890776616235613
58.0,0.0,0.0,-158.35921789262525,315.7378564088532,-50.0,0.0,0.2,20.0,309.0867692573629,0.0,30.0,0.0,0.0,0.0,99.9689436961151,0.0,0.5934465969741368,0.9890776616235613
59.0,0.0,0.0,-158.35921789262525,315.7378564088532,-50.0,0.0,0.2,20.0,309.0867692573629,0.0,30.0,0.0,0.0,0.0,99.96841728990378,0.0,0.5934465969741368,0.9890776616235613
60.0,0.0,0.0,-158.35921789262525,315.7378564088532,-50.0,0.0,0.2,20.0,309.0867692573629,0.0,30.0,0.0,0.0,0.0,99.96789088369246,0.0,0.5934465969741368,0.9890776616235613
61.0,0.0,0.0,-158.35921789262525,315.7378564088532,-50.0,0.0,0.2,20.0,309.0867692573629,0.0,30.0,0.0,0.0,0.0,99.96736447748111,0.0,0.5934465969741368,0.9890776616235613
62.0,0.0,0.0,-158.35921789262525,315.7378564088532,-50.0,0.0,0.2,20.0,309.0867692573629,0.0,30.0,0.0,0.0,0.0,99.96683807126979,0.0,0.5934465969741368,0.9890776616235613
63.0,0.0,0.0,-158.35921789262525,315.7378564088532,-50.0,0.0,0.2,20.0,309.0867692573629,0.0,30.0,0.0,0.0,0.0,99.96631166505846,0.0,0.5934465969741368,0.9890776616235613
64.0,0.0,0.0,-158.35921789262525,315.7378564088532,-50.0,0.0,0.2,20.0,309.0867692573629,0.0,30.0,0.0,0.0,0.0,99.96578525884713,0.0,0.5934465969741368,0.9890776616235613
65.0,0.0,0.0,-158.35921789262525,315.7378564088532,-50.0,0.0,0.2,20.0,309.0867692573629,0.0,30.0,0.0,0.0,0.0,99.96525885263581,0.0,0.5934465969741368,0.9890776616235613
66.0,0.0,0.0,-158.35921789262525,315.7378564088532,-50.0,0.0,0.2,20.0,309.0867692573629,0.0,30.0,0.0,0.0,0.0,99.96473244642448,0.0,0.5934465969741368,0.9890776616235613
67.0,0.0,0.0,-158.35921789262525,315.7378564088532,-50.0,0.0,0.2,20.0,309.0867692573629,0.0,30.0,0.0,0.0,0.0,99.96420604021314,0.0,0.5934465969741368,0.9890776616235613
68.0,0.0,0.0,-158.35921789262525,315.7378564088532,-50.0,0.0,0.2,20.0,309.0867692573629,0.0,30.0,0.0,0.0,0.0,99.9636796340018,0.0,0.5934465969741368,0.9890776616235613
69.0,0.0,0.0,-158.35921789262525,315.7378564088532,-50.0,0.0,0.2,20.0,309.0867692573629,0.0,30.0,0.0,0.0,0.0,99.96315322779049,0.0,0.5934465969741368,0.9890776616235613
70.0,0.0,0.0,-158.35921789262525,315.7378564088532,-50.0,0.0,0.2,20.0,309.0867692573629,0.0,30.0,0.0,0.0,0.0,99.96262682157916,0.0,0.5934465969741368,0.9890776616235613
71.0,0.0,0.0,-158.35921789262525,315.7378564088532,-50.0,0.0,0.2,20.0,309.0867692573629,0.0,30.0,0.0,0.0,0.0,99.96210041536783,0.0,0.5934465969741368,0.9890776616235613
72.0,0.0,0.0,-158.35921789262525,315.7378564088532,-50.0,0.0,0.2,20.0,309.0867692573629,0.0,30.0,0.0,0.0,0.0,99.96157400915651,0.0,0.5934465969741368,0.9890776616235613
73.0,0.0,0.0,-158.35921789262525,315.7378564088532,-50.0,0.0,0.2,20.0,309.0867692573629,0.0,30.0,0.0,0.0,0.0,99.96104760294517,0.0,0.5934465969741368,0.9890776616235613
74.0,0.0,0.0,-158.35921789262525,315.7378564088532,-50.0,0.0,0.2,20.0,309.0867692573629,0.0,30.0,0.0,0.0,0.0,99.96052119673384,0.0,0.5934465969741368,0.9890776616235613
75.0,0.0,0.0,-158.35921789262525,315.7378564088532,-50.0,0.0,0.2,20.0,309.0867692573629,0.0,30.0,0.0,0.0,0.0,99.95999479052252,0.0,0.5934465969741368,0.9890776616235613
76.0,0.0,0.0,-158.35921789262525,315.7378564088532,-50.0,0.0,0.2,20.0,309.0867692573629,0.0,30.0,0.0,0.0,0.0,99.95946838431118,0.0,0.5934465969741368,0.9890776616235613
77.0,0.0,0.0,-158.35921789262525,315.7378564088532,-50.0,0.0,0.2,20.0,309.0867692573629,0.0,30.0,0.0,0.0,0.0,99.95894197809986,0.0,0.5934465969741368,0.9890776616235613
78.0,0.0,0.0,-158.35921789262525,315.7378564088532,-50.0,0.0,0.2,20.0,309.0867692573629,0.0,30.0,0.0,0.0,0.0,99.95841557188852,0.0,0.5934465969741368,0.9890776616235613
79.0,0.0,0.0,-158.35921789262525,315.7378564088532,-50.0,0.0,0.2,20.0,309.0867692573629,0.0,30.0,0.0,0.0,0.0,99.95788916567719,0.0,0.5934465969741368,0.9890776616235613
80.0,0.0,0.0,-158.35921789262525,315.7378564088532,-50.0,0.0,0.2,20.0,309.0867692573629,0.0,30.0,0.0,0.0,0.0,99.95736275946587,0.0,0.5934465969741368,0.9890776616235613
81.0,0.0,0.0,-158.35921789262525,315.7378564088532,-50.0,0.0,0.2,20.0,309.0867692573629,0.0,30.0,0.0,0.0,0.0,99.95683635325453,0.0,0.5934465969741368,0.9890776616235613
82.0,0.0,0.0,-158.35921789262525,315.7378564088532,-50.0,0.0,0.2,20.0,309.0867692573629,0.0,30.0,0.0,0.0,0.0,99.95630994704321,0.0,0.5934465969741368,0.9890776616235613
83.0,0.0,0.0,-158.35921789262525,315.7378564088532,-50.0,0.0,0.2,20.0,309.0867692573629,0.0,30.0,0.0,0.0,0.0,99.95578354083189,0.0,0.5934465969741368,0.9890776616235613
84.0,0.0,0.0,-158.35921789262525,315.7378564088532,-50.0,0.0,0.2,20.0,309.0867692573629,0.0,30.0,0.0,0.0,0.0,99.95525713462054,0.0,0.5934465969741368,0.9890776616235613
85.0,0.0,0.0,-158.35921789262525,315.7378564088532,-50.0,0.0,0.2,20.0,309.0867692573629,0.0,30.0,0.0,0.0,0.0,99.95473072840922,0.0,0.5934465969741368,0.9890776616235613
86.0,0.0,0.0,-158.35921789262525,315.7378564088532,-50.0,0.0,0.2,20.0,309.0867692573629,0.0,30.0,0.0,0.0,0.0,99.9542043221979,0.0,0.5934465969741368,0.9890776616235613
87.0,0.0,0.0,-158.35921789262525,315.7378564088532,-50.0,0.0,0.2,20.0,309.0867692573629,0.0,30.0,0.0,0.0,0.0,99.95367791598656,0.0,0.5934465969741368,0.9890776616235613
88.0,0.0,0.0,-158.35921789262525,315.7378564088532,-50.0,0.0,0.2,20.0,309.0867692573629,0.0,30.0,0.0,0.0,0.0,99.95315150977524,0.0,0.5934465969741368,0.9890776616235613
89.0,0.0,0.0,-158.35921789262525,315.7378564088532,-50.0,0.0,0.2,20.0,309.0867692573629,0.0,30.0,0.0,0.0,0.0,99.9526251035639,0.0,0.5934465969741368,0.9890776616235613
90.0,0.0,0.0,-158.35921789262525,315.7378564088532,-50.0,0.0,0.2,20.0,309.0867692573629,0.0,30.0,0.0,0.0,0.0,99.95209869735257,0.0,0.5934465969741368,0.9890776616235613
91.0,0.0,0.0,-158.35921789262525,315.7378564088532,-50.0,0.0,0.2,20.0,309.0867692573629,0.0,30.0,0.0,0.0,0.0,99.95157229114125,0.0,0.5934465969741368,0.9890776616235613
92.0,0.0,0.0,-158.35921789262525,315.7378564088532,-50.0,0.0,0.2,20.0,309.0867692573629,0.0,30.0,0.0,0.0,0.0,99.95104588492991,0.0,0.5934465969741368,0.9890776616235613
93.0,0.0,0.0,-158.35921789262525,315.7378564088532,-50.0,0.0,0.2,20.0,309.0867692573629,0.0,30.0,0.0,0.0,0.0,99.95051947871859,0.0,0.5934465969741368,0.9890776616235613
94.0,0.0,0.0,-158.35921789262525,315.7378564088532,-50.0,0.0,0.2,20.0,309.0867692573629,0.0,30.0,0.0,0.0,0.0,99.94999307250725,0.0,0.5934465969741368,0.9890776616235613
95.0,0.0,0.0,-158.35921789262525,315.7378564088532,-50.0,0.0,0.2,20.0,309.0867692573629,0.0,30.0,0.0,0.0,0.0,99.94946666629592,0.0,0.5934465969741368,0.9890776616235613
96.0,0.0,0.0,-158.35921789262525,315.7378564088532,-50.0,0.0,0.2,20.0,309.0867692573629,0.0,30.0,0.0,0.0,0.0,99.9489402600846,0.0,0.5934465969741368,0.9890776616235613
97.0,0.0,0.0,-158.35921789262525,315.7378564088532,-50.0,0.0,0.2,20.0,309.0867692573629,0.0,30.0,0.0,0.0,0.0,99.94841385387326,0.0,0.5934465969741368,0.9890776616235613
98.0,0.0,0.0,-158.35921789262525,315.7378564088532,-50.0,0.0,0.2,20.0,309.0867692573629,0.0,30.0,0.0,0.0,0.0,99.94788744766194,0.0,0.5934465969741368,0.9890776616235613
99.0,0.0,0.0,-158.35921789262525,315.7378564088532,-50.0,0.0,0.2,20.0,309.0867692573629,0.0,30.0,0.0,0.0,0.0,99.94736104145062,0.0,0.5934465969741368,0.9890776616235613
100.0,0.0,0.0,-158.35921789262525,315.7378564088532,-50.0,0.0,0.2,20.0,309.0867692573629,0.0,30.0,0.0,0.0,0.0,99.94683463523928,0.0,0.5934465969741368,0.9890776616235613
101.0,0.0,0.0,-158.35921789262525,315.7378564088532,-50.0,0.0,0.2,20.0,309.0867692573629,0.0,30.0,0.0,0.0,0.0,99.94630822902795,0.0,0.5934465969741368,0.9890776616235613
102.0,0.0,0.0,-158.35921789262525,315.7378564088532,-50.0,0.0,0.2,20.0,309.0867692573629,0.0,30.0,0.0,0.0,0.0,99.94578182281661,0.0,0.5934465969741368,0.9890776616235613
103.0,0.0,0.0,-158.35921789262525,315.7378564088532,-50.0,0.0,0.2,20.0,309.0867692573629,0.0,30.0,0.0,0.0,0.0,99.94525541660529,0.0,0.5934465969741368,0.9890776616235613
104.0,0.0,0.0,-158.35921789262525,315.7378564088532,-50.0,0.0,0.2,20.0,309.0867692573629,0.0,30.0,0.0,0.0,0.0,99.94472901039397,0.0,0.5934465969741368,0.9890776616235613
105.0,0.0,0.0,-158.35921789262525,315.7378564088532,-50.0,0.0,0.2,20.0,309.0867692573629,0.0,30.0,0.0,0.0,0.0,99.94420260418264,0.0,0.5934465969741368,0.9890776616235613
106.0,0.0,0.0,-158.35921789262525,315.7378564088532,-50.0,0.0,0.2,20.0,309.0867692573629,0.0,30.0,0.0,0.0,0.0,99.94367619797131,0.0,0.5934465969741368,0.9890776616235613
107.0,0.0,0.0,-158.35921789262525,315.7378564088532,-50.0,0.0,0.2,20.0,309.0867692573629,0.0,30.0,0.0,0.0,0.0,99.94314979175996,0.0,0.5934465969741368,0.9890776616235613
108.0,0.0,0.0,-158.35921789262525,315.7378564088532,-50.0,0.0,0.2,20.0,309.0867692573629,0.0,30.0,0.0,0.0,0.0,99.94262338554864,0.0,0.5934465969741368,0.9890776616235613
109.0,0.0,0.0,-158.35921789262525,315.7378564088532,-50.0,0.0,0.2,20.0,309.0867692573629,0.0,30.0,0.0,0.0,0.0,99.94209697933732,0.0,0.5934465969741368,0.9890776616235613
110.0,0.0,0.0,-158.35921789262525,315.7378564088532,-50.0,0.0,0.2,20.0,309.0867692573629,0.0,30.0,0.0,0.0,0.0,99.94157057312599,0.0,0.5934465969741368,0.9890776616235613
111.0,0.0,0.0,-158.35921789262525,315.7378564088532,-50.0,0.0,0.2,20.0,309.0867692573629,0.0,30.0,0.0,0.0,0.0,99.94104416691466,0.0,0.5934465969741368,0.9890776616235613
112.0,0.0,0.0,-158.35921789262525,315.7378564088532,-50.0,0.0,0.2,20.0,309.0867692573629,0.0,30.0,0.0,0.0,0.0,99.94051776070333,0.0,0.5934465969741368,0.9890776616235613
113.0,0.0,0.0,-158.35921789262525,315.7378564088532,-50.0,0.0,0.2,20.0,309.0867692573629,0.0,30.0,0.0,0.0,0.0,99.939991354492,0.0,0.5934465969741368,0.9890776616235613
114.0,0.0,0.0,-158.35921789262525,315.7378564088532,-50.0,0.0,0.2,20.0,309.0867692573629,0.0,30.0,0.0,0.0,0.0,99.93946494828067,0.0,0.5934465969741368,0.9890776616235613
115.0,0.0,0.0,-158.35921789262525,315.7378564088532,-50.0,0.0,0.2,20.0,309.0867692573629,0.0,30.0,0.0,0.0,0.0,99.93893854206934,0.0,0.5934465969741368,0.9890776616235613
116.0,0.0,0.0,-158.35921789262525,315.7378564088532,-50.0,0.0,0.2,20.0,309.0867692573629,0.0,30.0,0.0,0.0,0.0,99.93841213585802,0.0,0.5934465969741368,0.9890776616235613
117.0,0.0,0.0,-158.35921789262525,315.7378564088532,-50.0,0.0,0.2,20.0,309.0867692573629,0.0,30.0,0.0,0.0,0.0,99.9378857296467,0.0,0.5934465969741368,0.9890776616235613
118.0,0.0,0.0,-158.35921789262525,315.7378564088532,-50.0,0.0,0.2,20.0,309.0867692573629,0.0,30.0,0.0,0.0,0.0,99.93735932343535,0.0,0.5934465969741368,0.9890776616235613
119.0,0.0,0.0,-158.35921789262525,315.7378564088532,-50.0,0.0,0.2,20.0,309.0867692573629,0.0,30.0,0.0,0.0,0.0,99.93683291722402,0.0,0.5934465969741368,0.9890776616235613
120.0,0.0,0.0,-158.35921789262525,315.7378564088532,-50.0,0.0,0.2,20.0,309.0867692573629,0.0,30.0,0.0,0.0,0.0,99.93630651101269,0.0,0.5934465969741368,0.9890776616235613
121.0,0.0,0.0,-158.35921789262525,315.7378564088532,-50.0,0.0,0.2,20.0,309.0867692573629,0.0,30.0,0.0,0.0,0.0,99.93578010480137,0.0,0.5934465969741368,0.9890776616235613
122.0,0.0,0.0,-158.35921789262525,315.7378564088532,-50.0,0.0,0.2,20.0,309.0867692573629,0.0,30.0,0.0,0.0,0.0,99.93525369859005,0.0,0.5934465969741368,0.9890776616235613
123.0,0.0,0.0,-158.35921789262525,315.7378564088532,-50.0,0.0,0.2,20.0,309.0867692573629,0.0,30.0,0.0,0.0,0.0,99.93472729237871,0.0,0.5934465969741368,0.9890776616235613
124.0,0.0,0.0,-158.35921789262525,315.7378564088532,-50.0,0.0,0.2,20.0,309.0867692573629,0.0,30.0,0.0,0.0,0.0,99.93420088616737,0.0,0.5934465969741368,0.9890776616235613
125.0,0.0,0.0,-158.35921789262525,315.7378564088532,-50.0,0.0,0.2,20.0,309.0867692573629,0.0,30.0,0.0,0.0,0.0,99.93367447995605,0.0,0.5934465969741368,0.9890776616235613
126.0,0.0,0.0,-158.35921789262525,315.7378564088532,-50.0,0.0,0.2,20.0,309.0867692573629,0.0,30.0,0.0,0.0,0.0,99.93314807374472,0.0,0.5934465969741368,0.9890776616235613
127.0,0.0,0.0,-158.35921789262525,315.7378564088532,-50.0,0.0,0.2,20.0,309.0867692573629,0.0,30.0,0.0,0.0,0.0,99.9326216675334,0.0,0.5934465969741368,0.9890776616235613
128.0,0.0,0.0,-158.35921789262525,315.7378564088532,-50.0,0.0,0.2,20.0,309.0867692573629,0.0,30.0,0.0,0.0,0.0,99.93209526132206,0.0,0.5934465969741368,0.9890776616235613
129.0,0.0,0.0,-158.35921789262525,315.7378564088532,-50.0,0.0,0.2,20.0,309.0867692573629,0.0,30.0,0.0,0.0,0.0,99.93156885511074,0.0,0.5934465969741368,0.9890776616235613
130.0,0.0,0.0,-158.35921789262525,315.7378564088532,-50.0,0.0,0.2,20.0,309.0867692573629,0.0,30.0,0.0,0.0,0.0,99.9310424488994,0.0,0.5934465969741368,0.9890776616235613
131.0,0.0,0.0,-158.35921789262525,315.7378564088532,-50.0,0.0,0.2,20.0,309.0867692573629,0.0,30.0,0.0,0.0,0.0,99.93051604268807,0.0,0.5934465969741368,0.9890776616235613
132.0,0.0,0.0,-158.35921789262525,315.7378564088532,-50.0,0.0,0.2,20.0,309.0867692573629,0.0,30.0,0.0,0.0,0.0,99.92998963647675,0.0,0.5934465969741368,0.9890776616235613
133.0,0.0,0.0,-158.35921789262525,315.7378564088532,-50.0,0.0,0.2,20.0,309.0867692573629,0.0,30.0,0.0,0.0,0.0,99.92946323026541,0.0,0.5934465969741368,0.9890776616235613
134.0,0.0,0.0,-158.35921789262525,315.7378564088532,-50.0,0.0,0.2,20.0,309.0867692573629,0.0,30.0,0.0,0.0,0.0,99.92893682405409,0.0,0.5934465969741368,0.9890776616235613
135.0,0.0,0.0,-158.35921789262525,315.7378564088532,-50.0,0.0,0.2,20.0,309.0867692573629,0.0,30.0,0.0,0.0,0.0,99.92841041784276,0.0,0.5934465969741368,0.9890776616235613
136.0,0.0,0.0,-158.35921789262525,315.7378564088532,-50.0,0.0,0.2,20.0,309.0867692573629,0.0,30.0,0.0,0.0,0.0,99.92788401163142,0.0,0.5934465969741368,0.9890776616235613
137.0,0.0,0.0,-158.35921789262525,315.7378564088532,-50.0,0.0,0.2,20.0,309.0867692573629,0.0,30.0,0.0,0.0,0.0,99.9273576054201,0.0,0.5934465969741368,0.9890776616235613
138.0,0.0,0.0,-158.35921789262525,315.7378564088532,-50.0,0.0,0.2,20.0,309.0867692573629,0.0,30.0,0.0,0.0,0.0,99.92683119920878,0.0,0.5934465969741368,0.9890776616235613
139.0,0.0,0.0,-158.35921789262525,315.7378564088532,-50.0,0.0,0.2,20.0,309.0867692573629,0.0,30.0,0.0,0.0,0.0,99.92630479299744,0.0,0.5934465969741368,0.9890776616235613
140.0,0.0,0.0,-158.35921789262525,315.7378564088532,-50.0,0.0,0.2,20.0,309.0867692573629,0.0,30.0,0.0,0.0,0.0,99.92577838678612,0.0,0.5934465969741368,0.9890776616235613
141.0,0.0,0.0,-158.35921789262525,315.7378564088532,-50.0,0.0,0.2,20.0,309.0867692573629,0.0,30.0,0.0,0.0,0.0,99.92525198057477,0.0,0.5934465969741368,0.9890776616235613
142.0,0.0,0.0,-158.35921789262525,315.7378564088532,-50.0,0.0,0.2,20.0,309.0867692573629,0.0,30.0,0.0,0.0,0.0,99.92472557436345,0.0,0.5934465969741368,0.9890776616235613
143.0,0.0,0.0,-158.35921789262525,315.7378564088532,-50.0,0.0,0.2,20.0,309.0867692573629,0.0,30.0,0.0,0.0,0.0,99.92419916815213,0.0,0.5934465969741368,0.9890776616235613
144.0,0.0,0.0,-158.35921789262525,315.7378564088532,-50.0,0.0,0.2,20.0,309.0867692573629,0.0,30.0,0.0,0.0,0.0,99.9236727619408,0.0,0.5934465969741368,0.9890776616235613
145.0,0.0,0.0,-158.35921789262525,315.7378564088532,-50.0,0.0,0.2,20.0,309.0867692573629,0.0,30.0,0.0,0.0,0.0,99.92314635572947,0.0,0.5934465969741368,0.9890776616235613
146.0,0.0,0.0,-158.35921789262525,315.7378564088532,-50.0,0.0,0.2,20.0,309.0867692573629,0.0,30.0,0.0,0.0,0.0,99.92261994951814,0.0,0.5934465969741368,0.9890776616235613
147.0,0.0,0.0,-158.35921789262525,315.7378564088532,-50.0,0.0,0.2,20.0,309.0867692573629,0.0,30.0,0.0,0.0,0.0,99.9220935433068,0.0,0.5934465969741368,0.9890776616235613
148.0,0.0,0.0,-158.35921789262525,315.7378564088532,-50.0,0.0,0.2,20.0,309.0867692573629,0.0,30.0,0.0,0.0,0.0,99.92156713709548,0.0,0.5934465969741368,0.9890776616235613
149.0,0.0,0.0,-158.35921789262525,315.7378564088532,-50.0,0.0,0.2,20.0,309.0867692573629,0.0,30.0,0.0,0.0,0.0,99.92104073088414,0.0,0.5934465969741368,0.9890776616235613
150.0,0.0,0.0,-158.35921789262525,315.7378564088532,-50.0,0.0,0.2,20.0,309.0867692573629,0.0,30.0,0.0,0.0,0.0,99.92051432467282,0.0,0.5934465969741368,0.9890776616235613
151.0,0.0,0.0,-158.35921789262525,315.7378564088532,-50.0,0.0,0.2,20.0,309.0867692573629,0.0,30.0,0.0,0.0,0.0,99.9199879184615,0.0,0.5934465969741368,0.9890776616235613
152.0,0.0,0.0,-158.35921789262525,315.7378564088532,-50.0,0.0,0.2,20.0,309.0867692573629,0.0,30.0,0.0,0.0,0.0,99.91946151225015,0.0,0.5934465969741368,0.9890776616235613
153.0,0.0,0.0,-158.35921789262525,315.7378564088532,-50.0,0.0,0.2,20.0,309.0867692573629,0.0,30.0,0.0,0.0,0.0,99.91893510603883,0.0,0.5934465969741368,0.9890776616235613
154.0,0.0,0.0,-158.35921789262525,315.7378564088532,-50.0,0.0,0.2,20.0,309.0867692573629,0.0,30.0,0.0,0.0,0.0,99.9184086998275,0.0,0.5934465969741368,0.9890776616235613
155.0,0.0,0.0,-158.35921789262525,315.7378564088532,-50.0,0.0,0.2,20.0,309.0867692573629,0.0,30.0,0.0,0.0,0.0,99.91788229361617,0.0,0.5934465969741368,0.9890776616235613
156.0,0.0,0.0,-158.35921789262525,315.7378564088532,-50.0,0.0,0.2,20.0,309.0867692573629,0.0,30.0,0.0,0.0,0.0,99.91735588740485,0.0,0.5934465969741368,0.9890776616235613
157.0,0.0,0.0,-158.35921789262525,315.7378564088532,-50.0,0.0,0.2,20.0,309.0867692573629,0.0,30.0,0.0,0.0,0.0,99.91682948119352,0.0,0.5934465969741368,0.9890776616235613
158.0,0.0,0.0,-158.35921789262525,315.7378564088532,-50.0,0.0,0.2,20.0,309.0867692573629,0.0,30.0,0.0,0.0,0.0,99.91630307498218,0.0,0.5934465969741368,0.9890776616235613
159.0,0.0,0.0,-158.35921789262525,315.7378564088532,-50.0,0.0,0.2,20.0,309.0867692573629,0.0,30.0,0.0,0.0,0.0,99.91577666877085,0.0,0.5934465969741368,0.9890776616235613
160.0,0.0,0.0,-158.35921789262525,315.7378564088532,-50.0,0.0,0.2,20.0,309.0867692573629,0.0,30.0,0.0,0.0,0.0,99.91525026255952,0.0,0.5934465969741368,0.9890776616235613
161.0,0.0,0.0,-158.35921789262525,315.7378564088532,-50.0,0.0,0.2,20.0,309.0867692573629,0.0,30.0,0.0,0.0,0.0,99.9147238563482,0.0,0.5934465969741368,0.9890776616235613
162.0,0.0,0.0,-158.35921789262525,315.7378564088532,-50.0,0.0,0.2,20.0,309.0867692573629,0.0,30.0,0.0,0.0,0.0,99.91419745013687,0.0,0.5934465969741368,0.9890776616235613
163.0,0.0,0.0,-158.35921789262525,315.7378564088532,-50.0,0.0,0.2,20.0,309.0867692573629,0.0,30.0,0.0,0.0,0.0,99.91367104392555,0.0,0.5934465969741368,0.9890776616235613
164.0,0.0,0.0,-158.35921789262525,315.7378564088532,-50.0,0.0,0.2,20.0,309.0867692573629,0.0,30.0,0.0,0.0,0.0,99.91314463771421,0.0,0.5934465969741368,0.9890776616235613
165.0,0.0,0.0,-158.35921789262525,315.7378564088532,-50.0,0.0,0.2,20.0,309.0867692573629,0.0,30.0,0.0,0.0,0.0,99.91261823150288,0.0,0.5934465969741368,0.9890776616235613
166.0,0.0,0.0,-158.35921789262525,315.7378564088532,-50.0,0.0,0.2,20.0,309.0867692573629,0.0,30.0,0.0,0.0,0.0,99.91209182529155,0.0,0.5934465969741368,0.9890776616235613
167.0,0.0,0.0,-158.35921789262525,315.7378564088532,-50.0,0.0,0.2,20.0,309.0867692573629,0.0,30.0,0.0,0.0,0.0,99.91156541908022,0.0,0.5934465969741368,0.9890776616235613
168.0,0.0,0.0,-158.35921789262525,315.7378564088532,-50.0,0.0,0.2,20.0,309.0867692573629,0.0,30.0,0.0,0.0,0.0,99.9110390128689,0.0,0.5934465969741368,0.9890776616235613
169.0,0.0,0.0,-158.35921789262525,315.7378564088532,-50.0,0.0,0.2,20.0,309.0867692573629,0.0,30.0,0.0,0.0,0.0,99.91051260665756,0.0,0.5934465969741368,0.9890776616235613
170.0,0.0,0.0,-158.35921789262525,315.7378564088532,-50.0,0.0,0.2,20.0,309.0867692573629,0.0,30.0,0.0,0.0,0.0,99.90998620044623,0.0,0.5934465969741368,0.9890776616235613
171.0,0.0,0.0,-158.35921789262525,315.7378564088532,-50.0,0.0,0.2,20.0,309.0867692573629,0.0,30.0,0.0,0.0,0.0,99.9094597942349,0.0,0.5934465969741368,0.9890776616235613
172.0,0.0,0.0,-158.35921789262525,315.7378564088532,-50.0,0.0,0.2,20.0,309.0867692573629,0.0,30.0,0.0,0.0,0.0,99.90893338802357,0.0,0.5934465969741368,0.9890776616235613
173.0,0.0,0.0,-158.35921789262525,315.7378564088532,-50.0,0.0,0.2,20.0,309.0867692573629,0.0,30.0,0.0,0.0,0.0,99.90840698181225,0.0,0.5934465969741368,0.9890776616235613
174.0,0.0,0.0,-158.35921789262525,315.7378564088532,-50.0,0.0,0.2,20.0,309.0867692573629,0.0,30.0,0.0,0.0,0.0,99.90788057560093,0.0,0.5934465969741368,0.9890776616235613
175.0,0.0,0.0,-158.35921789262525,315.7378564088532,-50.0,0.0,0.2,20.0,309.0867692573629,0.0,30.0,0.0,0.0,0.0,99.90735416938958,0.0,0.5934465969741368,0.9890776616235613
176.0,0.0,0.0,-158.35921789262525,315.7378564088532,-50.0,0.0,0.2,20.0,309.0867692573629,0.0,30.0,0.0,0.0,0.0,99.90682776317826,0.0,0.5934465969741368,0.9890776616235613
177.0,0.0,0.0,-158.35921789262525,315.7378564088532,-50.0,0.0,0.2,20.0,309.0867692573629,0.0,30.0,0.0,0.0,0.0,99.90630135696694,0.0,0.5934465969741368,0.9890776616235613
178.0,0.0,0.0,-158.35921789262525,315.7378564088532,-50.0,0.0,0.2,20.0,309.0867692573629,0.0,30.0,0.0,0.0,0.0,99.9057749507556,0.0,0.5934465969741368,0.9890776616235613
179.0,0.0,0.0,-158.35921789262525,315.7378564088532,-50.0,0.0,0.2,20.0,309.0867692573629,0.0,30.0,0.0,0.0,0.0,99.90524854454428,0.0,0.5934465969741368,0.9890776616235613
180.0,0.0,0.0,-158.35921789262525,315.7378564088532,-50.0,0.0,0.2,20.0,309.0867692573629,0.0,30.0,0.0,0.0,0.0,99.90472213833294,0.0,0.5934465969741368,0.9890776616235613
181.0,0.0,0.0,-158.35921789262525,315.7378564088532,-50.0,0.0,0.2,20.0,309.0867692573629,0.0,30.0,0.0,0.0,0.0,99.90419573212161,0.0,0.5934465969741368,0.9890776616235613
182.0,0.0,0.0,-158.35921789262525,315.7378564088532,-50.0,0.0,0.2,20.0,309.0867692573629,0.0,30.0,0.0,0.0,0.0,99.90366932591029,0.0,0.5934465969741368,0.9890776616235613
183.0,0.0,0.0,-158.35921789262525,315.7378564088532,-50.0,0.0,0.2,20.0,309.0867692573629,0.0,30.0,0.0,0.0,0.0,99.90314291969895,0.0,0.5934465969741368,0.9890776616235613
184.0,0.0,0.0,-158.35921789262525,315.7378564088532,-50.0,0.0,0.2,20.0,309.0867692573629,0.0,30.0,0.0,0.0,0.0,99.90261651348763,0.0,0.5934465969741368,0.9890776616235613
185.0,0.0,0.0,-158.35921789262525,315.7378564088532,-50.0,0.0,0.2,20.0,309.0867692573629,0.0,30.0,0.0,0.0,0.0,99.9020901072763,0.0,0.5934465969741368,0.9890776616235613
186.0,0.0,0.0,-158.35921789262525,315.7378564088532,-50.0,0.0,0.2,20.0,309.0867692573629,0.0,30.0,0.0,0.0,0.0,99.90156370106496,0.0,0.5934465969741368,0.9890776616235613
187.0,0.0,0.0,-158.35921789262525,315.7378564088532,-50.0,0.0,0.2,20.0,309.0867692573629,0.0,30.0,0.0,0.0,0.0,99.90103729485364,0.0,0.5934465969741368,0.9890776616235613
188.0,0.0,0.0,-158.35921789262525,315.7378564088532,-50.0,0.0,0.2,20.0,309.0867692573629,0.0,30.0,0.0,0.0,0.0,99.9005108886423,0.0,0.5934465969741368,0.9890776616235613
189.0,0.0,0.0,-158.35921789262525,315.7378564088532,-50.0,0.0,0.2,20.0,309.0867692573629,0.0,30.0,0.0,0.0,0.0,99.89998448243098,0.0,0.5934465969741368,0.9890776616235613
190.0,0.0,0.0,-158.35921789262525,315.7378564088532,-50.0,0.0,0.2,20.0,309.0867692573629,0.0,30.0,0.0,0.0,0.0,99.89945807621966,0.0,0.5934465969741368,0.9890776616235613
191.0,0.0,0.0,-158.35921789262525,315.7378564088532,-50.0,0.0,0.2,20.0,309.0867692573629,0.0,30.0,0.0,0.0,0.0,99.89893167000832,0.0,0.5934465969741368,0.9890776616235613
192.0,0.0,0.0,-158.35921789262525,315.7378564088532,-50.0,0.0,0.2,20.0,309.0867692573629,0.0,30.0,0.0,0.0,0.0,99.89840526379699,0.0,0.5934465969741368,0.9890776616235613
193.0,0.0,0.0,-158.35921789262525,315.7378564088532,-50.0,0.0,0.2,20.0,309.0867692573629,0.0,30.0,0.0,0.0,0.0,99.89787885758565,0.0,0.5934465969741368,0.9890776616235613
194.0,0.0,0.0,-158.35921789262525,315.7378564088532,-50.0,0.0,0.2,20.0,309.0867692573629,0.0,30.0,0.0,0.0,0.0,99.89735245137433,0.0,0.5934465969741368,0.9890776616235613
195.0,0.0,0.0,-158.35921789262525,315.7378564088532,-50.0,0.0,0.2,20.0,309.0867692573629,0.0,30.0,0.0,0.0,0.0,99.89682604516301,0.0,0.5934465969741368,0.9890776616235613
196.0,0.0,0.0,-158.35921789262525,315.7378564088532,-50.0,0.0,0.2,20.0,309.0867692573629,0.0,30.0,0.0,0.0,0.0,99.89629963895167,0.0,0.5934465969741368,0.9890776616235613
197.0,0.0,0.0,-158.35921789262525,315.7378564088532,-50.0,0.0,0.2,20.0,309.0867692573629,0.0,30.0,0.0,0.0,0.0,99.89577323274035,0.0,0.5934465969741368,0.9890776616235613
198.0,0.0,0.0,-158.35921789262525,315.7378564088532,-50.0,0.0,0.2,20.0,309.0867692573629,0.0,30.0,0.0,0.0,0.0,99.895246826529,0.0,0.5934465969741368,0.9890776616235613
199.0,0.0,0.0,-158.35921789262525,315.7378564088532,-50.0,0.0,0.2,20.0,309.0867692573629,0.0,30.0,0.0,0.0,0.0,99.89472042031768,0.0,0.5934465969741368,0.9890776616235613
200.0,0.0,0.0,-158.35921789262525,315.7378564088532,-50.0,0.0,0.2,20.0,309.0867692573629,0.0,30.0,0.0,0.0,0.0,99.89419401410636,0.0,0.5934465969741368,0.9890776616235613
201.0,0.0,0.0,-158.35921789262525,315.7378564088532,-50.0,0.0,0.2,20.0,309.0867692573629,0.0,30.0,0.0,0.0,0.0,99.89366760789503,0.0,0.5934465969741368,0.9890776616235613
202.0,0.0,0.0,-158.35921789262525,315.7378564088532,-50.0,0.0,0.2,20.0,309.0867692573629,0.0,30.0,0.0,0.0,0.0,99.8931412016837,0.0,0.5934465969741368,0.9890776616235613
203.0,0.0,0.0,-158.35921789262525,315.7378564088532,-50.0,0.0,0.2,20.0,309.0867692573629,0.0,30.0,0.0,0.0,0.0,99.89261479547238,0.0,0.5934465969741368,0.9890776616235613
204.0,0.0,0.0,-158.35921789262525,315.7378564088532,-50.0,0.0,0.2,20.0,309.0867692573629,0.0,30.0,0.0,0.0,0.0,99.89208838926103,0.0,0.5934465969741368,0.9890776616235613
205.0,0.0,0.0,-158.35921789262525,315.7378564088532,-50.0,0.0,0.2,20.0,309.0867692573629,0.0,30.0,0.0,0.0,0.0,99.89156198304971,0.0,0.5934465969741368,0.9890776616235613
206.0,0.0,0.0,-158.35921789262525,315.7378564088532,-50.0,0.0,0.2,20.0,309.0867692573629,0.0,30.0,0.0,0.0,0.0,99.89103557683838,0.0,0.5934465969741368,0.9890776616235613
207.0,0.0,0.0,-158.35921789262525,315.7378564088532,-50.0,0.0,0.2,20.0,309.0867692573629,0.0,30.0,0.0,0.0,0.0,99.89050917062706,0.0,0.5934465969741368,0.9890776616235613
208.0,0.0,0.0,-158.35921789262525,315.7378564088532,-50.0,0.0,0.2,20.0,309.0867692573629,0.0,30.0,0.0,0.0,0.0,99.88998276441573,0.0,0.5934465969741368,0.9890776616235613
209.0,0.0,0.0,-158.35921789262525,315.7378564088532,-50.0,0.0,0.2,20.0,309.0867692573629,0.0,30.0,0.0,0.0,0.0,99.88945635820438,0.0,0.5934465969741368,0.9890776616235613
210.0,0.0,0.0,-158.35921789262525,315.7378564088532,-50.0,0.0,0.2,20.0,309.0867692573629,0.0,30.0,0.0,0.0,0.0,99.88892995199306,0.0,0.5934465969741368,0.9890776616235613
211.0,0.0,0.0,-158.35921789262525,315.7378564088532,-50.0,0.0,0.2,20.0,309.0867692573629,0.0,30.0,0.0,0.0,0.0,99.88840354578173,0.0,0.5934465969741368,0.9890776616235613
212.0,0.0,0.0,-158.35921789262525,315.7378564088532,-50.0,0.0,0.2,20.0,309.0867692573629,0.0,30.0,0.0,0.0,0.0,99.8878771395704,0.0,0.5934465969741368,0.9890776616235613
213.0,0.0,0.0,-158.35921789262525,315.7378564088532,-50.0,0.0,0.2,20.0,309.0867692573629,0.0,30.0,0.0,0.0,0.0,99.88735073335909,0.0,0.5934465969741368,0.9890776616235613
214.0,0.0,0.0,-158.35921789262525,315.7378564088532,-50.0,0.0,0.2,20.0,309.0867692573629,0.0,30.0,0.0,0.0,0.0,99.88682432714775,0.0,0.5934465969741368,0.9890776616235613
215.0,0.0,0.0,-158.35921789262525,315.7378564088532,-50.0,0.0,0.2,20.0,309.0867692573629,0.0,30.0,0.0,0.0,0.0,99.88629792093641,0.0,0.5934465969741368,0.9890776616235613
216.0,0.0,0.0,-158.35921789262525,315.7378564088532,-50.0,0.0,0.2,20.0,309.0867692573629,0.0,30.0,0.0,0.0,0.0,99.88577151472509,0.0,0.5934465969741368,0.9890776616235613
217.0,0.0,0.0,-158.35921789262525,315.7378564088532,-50.0,0.0,0.2,20.0,309.0867692573629,0.0,30.0,0.0,0.0,0.0,99.88524510851376,0.0,0.5934465969741368,0.9890776616235613
218.0,0.0,0.0,-158.35921789262525,315.7378564088532,-50.0,0.0,0.2,20.0,309.0867692573629,0.0,30.0,0.0,0.0,0.0,99.88471870230244,0.0,0.5934465969741368,0.9890776616235613
219.0,0.0,0.0,-158.35921789262525,315.7378564088532,-50.0,0.0,0.2,20.0,309.0867692573629,0.0,30.0,0.0,0.0,0.0,99.8841922960911,0.0,0.5934465969741368,0.9890776616235613
220.0,0.0,0.0,-158.35921789262525,315.7378564088532,-50.0,0.0,0.2,20.0,309.0867692573629,0.0,30.0,0.0,0.0,0.0,99.88366588987978,0.0,0.5934465969741368,0.9890776616235613
221.0,0.0,0.0,-158.35921789262525,315.7378564088532,-50.0,0.0,0.2,20.0,309.0867692573629,0.0,30.0,0.0,0.0,0.0,99.88313948366844,0.0,0.5934465969741368,0.9890776616235613
222.0,0.0,0.0,-158.35921789262525,315.7378564088532,-50.0,0.0,0.2,20.0,309.0867692573629,0.0,30.0,0.0,0.0,0.0,99.88261307745711,0.0,0.5934465969741368,0.9890776616235613
223.0,0.0,0.0,-158.35921789262525,315.7378564088532,-50.0,0.0,0.2,20.0,309.0867692573629,0.0,30.0,0.0,0.0,0.0,99.88208667124579,0.0,0.5934465969741368,0.9890776616235613
224.0,0.0,0.0,-158.35921789262525,315.7378564088532,-50.0,0.0,0.2,20.0,309.0867692573629,0.0,30.0,0.0,0.0,0.0,99.88156026503445,0.0,0.5934465969741368,0.9890776616235613
225.0,0.0,0.0,-158.35921789262525,315.7378564088532,-50.0,0.0,0.2,20.0,309.0867692573629,0.0,30.0,0.0,0.0,0.0,99.88103385882313,0.0,0.5934465969741368,0.9890776616235613
226.0,0.0,0.0,-158.35921789262525,315.7378564088532,-50.0,0.0,0.2,20.0,309.0867692573629,0.0,30.0,0.0,0.0,0.0,99.8805074526118,0.0,0.5934465969741368,0.9890776616235613
227.0,0.0,0.0,-158.35921789262525,315.7378564088532,-50.0,0.0,0.2,20.0,309.0867692573629,0.0,30.0,0.0,0.0,0.0,99.87998104640046,0.0,0.5934465969741368,0.9890776616235613
228.0,0.0,0.0,-158.35921789262525,315.7378564088532,-50.0,0.0,0.2,20.0,309.0867692573629,0.0,30.0,0.0,0.0,0.0,99.87945464018914,0.0,0.5934465969741368,0.9890776616235613
229.0,0.0,0.0,-158.35921789262525,315.7378564088532,-50.0,0.0,0.2,20.0,309.0867692573629,0.0,30.0,0.0,0.0,0.0,99.87892823397782,0.0,0.5934465969741368,0.9890776616235613
230.0,0.0,0.0,-158.35921789262525,315.7378564088532,-50.0,0.0,0.2,20.0,309.0867692573629,0.0,30.0,0.0,0.0,0.0,99.87840182776648,0.0,0.5934465969741368,0.9890776616235613
231.0,0.0,0.0,-158.35921789262525,315.7378564088532,-50.0,0.0,0.2,20.0,309.0867692573629,0.0,30.0,0.0,0.0,0.0,99.87787542155516,0.0,0.5934465969741368,0.9890776616235613
232.0,0.0,0.0,-158.35921789262525,315.7378564088532,-50.0,0.0,0.2,20.0,309.0867692573629,0.0,30.0,0.0,0.0,0.0,99.87734901534381,0.0,0.5934465969741368,0.9890776616235613
233.0,0.0,0.0,-158.35921789262525,315.7378564088532,-50.0,0.0,0.2,20.0,309.0867692573629,0.0,30.0,0.0,0.0,0.0,99.87682260913249,0.0,0.5934465969741368,0.9890776616235613
234.0,0.0,0.0,-158.35921789262525,315.7378564088532,-50.0,0.0,0.2,20.0,309.0867692573629,0.0,30.0,0.0,0.0,0.0,99.87629620292117,0.0,0.5934465969741368,0.9890776616235613
235.0,0.0,0.0,-158.35921789262525,315.7378564088532,-50.0,0.0,0.2,20.0,309.0867692573629,0.0,30.0,0.0,0.0,0.0,99.87576979670983,0.0,0.5934465969741368,0.9890776616235613
236.0,0.0,0.0,-158.35921789262525,315.7378564088532,-50.0,0.0,0.2,20.0,309.0867692573629,0.0,30.0,0.0,0.0,0.0,99.87524339049851,0.0,0.5934465969741368,0.9890776616235613
237.0,0.0,0.0,-158.35921789262525,315.7378564088532,-50.0,0.0,0.2,20.0,309.0867692573629,0.0,30.0,0.0,0.0,0.0,99.87471698428718,0.0,0.5934465969741368,0.9890776616235613
238.0,0.0,0.0,-158.35921789262525,315.7378564088532,-50.0,0.0,0.2,20.0,309.0867692573629,0.0,30.0,0.0,0.0,0.0,99.87419057807584,0.0,0.5934465969741368,0.9890776616235613
239.0,0.0,0.0,-158.35921789262525,315.7378564088532,-50.0,0.0,0.2,20.0,309.0867692573629,0.0,30.0,0.0,0.0,0.0,99.87366417186452,0.0,0.5934465969741368,0.9890776616235613
240.0,0.0,0.0,-158.35921789262525,315.7378564088532,-50.0,0.0,0.2,20.0,309.0867692573629,0.0,30.0,0.0,0.0,0.0,99.87313776565318,0.0,0.5934465969741368,0.9890776616235613
241.0,0.0,0.0,-158.35921789262525,315.7378564088532,-50.0,0.0,0.2,20.0,309.0867692573629,0.0,30.0,0.0,0.0,0.0,99.87261135944186,0.0,0.5934465969741368,0.9890776616235613
242.0,0.0,0.0,-158.35921789262525,315.7378564088532,-50.0,0.0,0.2,20.0,309.0867692573629,0.0,30.0,0.0,0.0,0.0,99.87208495323054,0.0,0.5934465969741368,0.9890776616235613
243.0,0.0,0.0,-158.35921789262525,315.7378564088532,-50.0,0.0,0.2,20.0,309.0867692573629,0.0,30.0,0.0,0.0,0.0,99.87155854701919,0.0,0.5934465969741368,0.9890776616235613
244.0,0.0,0.0,-158.35921789262525,315.7378564088532,-50.0,0.0,0.2,20.0,309.0867692573629,0.0,30.0,0.0,0.0,0.0,99.87103214080787,0.0,0.5934465969741368,0.9890776616235613
245.0,0.0,0.0,-158.35921789262525,315.7378564088532,-50.0,0.0,0.2,20.0,309.0867692573629,0.0,30.0,0.0,0.0,0.0,99.87050573459653,0.0,0.5934465969741368,0.9890776616235613
246.0,0.0,0.0,-158.35921789262525,315.7378564088532,-50.0,0.0,0.2,20.0,309.0867692573629,0.0,30.0,0.0,0.0,0.0,99.86997932838521,0.0,0.5934465969741368,0.9890776616235613
247.0,0.0,0.0,-158.35921789262525,315.7378564088532,-50.0,0.0,0.2,20.0,309.0867692573629,0.0,30.0,0.0,0.0,0.0,99.86945292217389,0.0,0.5934465969741368,0.9890776616235613
248.0,0.0,0.0,-158.35921789262525,315.7378564088532,-50.0,0.0,0.2,20.0,309.0867692573629,0.0,30.0,0.0,0.0,0.0,99.86892651596256,0.0,0.5934465969741368,0.9890776616235613
249.0,0.0,0.0,-158.35921789262525,315.7378564088532,-50.0,0.0,0.2,20.0,309.0867692573629,0.0,30.0,0.0,0.0,0.0,99.86840010975122,0.0,0.5934465969741368,0.9890776616235613
250.0,0.0,0.0,-158.35921789262525,315.7378564088532,-50.0,0.0,0.2,20.0,309.0867692573629,0.0,30.0,0.0,0.0,0.0,99.86787370353989,0.0,0.5934465969741368,0.9890776616235613
251.0,0.0,0.0,-158.35921789262525,315.7378564088532,-50.0,0.0,0.2,20.0,309.0867692573629,0.0,30.0,0.0,0.0,0.0,99.86734729732856,0.0,0.5934465969741368,0.9890776616235613
252.0,0.0,0.0,-158.35921789262525,315.7378564088532,-50.0,0.0,0.2,20.0,309.0867692573629,0.0,30.0,0.0,0.0,0.0,99.86682089111724,0.0,0.5934465969741368,0.9890776616235613
253.0,0.0,0.0,-158.35921789262525,315.7378564088532,-50.0,0.0,0.2,20.0,309.0867692573629,0.0,30.0,0.0,0.0,0.0,99.86629448490591,0.0,0.5934465969741368,0.9890776616235613
254.0,0.0,0.0,-158.35921789262525,315.7378564088532,-50.0,0.0,0.2,20.0,309.0867692573629,0.0,30.0,0.0,0.0,0.0,99.86576807869459,0.0,0.5934465969741368,0.9890776616235613
255.0,0.0,0.0,-158.35921789262525,315.7378564088532,-50.0,0.0,0.2,20.0,309.0867692573629,0.0,30.0,0.0,0.0,0.0,99.86524167248325,0.0,0.5934465969741368,0.9890776616235613
256.0,0.0,0.0,-158.35921789262525,315.7378564088532,-50.0,0.0,0.2,20.0,309.0867692573629,0.0,30.0,0.0,0.0,0.0,99.86471526627192,0.0,0.5934465969741368,0.9890776616235613
257.0,0.0,0.0,-158.35921789262525,315.7378564088532,-50.0,0.0,0.2,20.0,309.0867692573629,0.0,30.0,0.0,0.0,0.0,99.8641888600606,0.0,0.5934465969741368,0.9890776616235613
258.0,0.0,0.0,-158.35921789262525,315.7378564088532,-50.0,0.0,0.2,20.0,309.0867692573629,0.0,30.0,0.0,0.0,0.0,99.86366245384926,0.0,0.5934465969741368,0.9890776616235613
259.0,0.0,0.0,-158.35921789262525,315.7378564088532,-50.0,0.0,0.2,20.0,309.0867692573629,0.0,30.0,0.0,0.0,0.0,99.86313604763794,0.0,0.5934465969741368,0.9890776616235613
260.0,0.0,0.0,-158.35921789262525,315.7378564088532,-50.0,0.0,0.2,20.0,309.0867692573629,0.0,30.0,0.0,0.0,0.0,99.86260964142662,0.0,0.5934465969741368,0.9890776616235613
261.0,0.0,0.0,-158.35921789262525,315.7378564088532,-50.0,0.0,0.2,20.0,309.0867692573629,0.0,30.0,0.0,0.0,0.0,99.86208323521527,0.0,0.5934465969741368,0.9890776616235613
262.0,0.0,0.0,-158.35921789262525,315.7378564088532,-50.0,0.0,0.2,20.0,309.0867692573629,0.0,30.0,0.0,0.0,0.0,99.86155682900394,0.0,0.5934465969741368,0.9890776616235613
263.0,0.0,0.0,-158.35921789262525,315.7378564088532,-50.0,0.0,0.2,20.0,309.0867692573629,0.0,30.0,0.0,0.0,0.0,99.86103042279261,0.0,0.5934465969741368,0.9890776616235613
264.0,0.0,0.0,-158.35921789262525,315.7378564088532,-50.0,0.0,0.2,20.0,309.0867692573629,0.0,30.0,0.0,0.0,0.0,99.86050401658129,0.0,0.5934465969741368,0.9890776616235613
265.0,0.0,0.0,-158.35921789262525,315.7378564088532,-50.0,0.0,0.2,20.0,309.0867692573629,0.0,30.0,0.0,0.0,0.0,99.85997761036997,0.0,0.5934465969741368,0.9890776616235613
266.0,0.0,0.0,-158.35921789262525,315.7378564088532,-50.0,0.0,0.2,20.0,309.0867692573629,0.0,30.0,0.0,0.0,0.0,99.85945120415862,0.0,0.5934465969741368,0.9890776616235613
267.0,0.0,0.0,-158.35921789262525,315.7378564088532,-50.0,0.0,0.2,20.0,309.0867692573629,0.0,30.0,0.0,0.0,0.0,99.8589247979473,0.0,0.5934465969741368,0.9890776616235613
268.0,0.0,0.0,-158.35921789262525,315.7378564088532,-50.0,0.0,0.2,20.0,309.0867692573629,0.0,30.0,0.0,0.0,0.0,99.85839839173597,0.0,0.5934465969741368,0.9890776616235613
269.0,0.0,0.0,-158.35921789262525,315.7378564088532,-50.0,0.0,0.2,20.0,309.0867692573629,0.0,30.0,0.0,0.0,0.0,99.85787198552464,0.0,0.5934465969741368,0.9890776616235613
270.0,0.0,0.0,-158.35921789262525,315.7378564088532,-50.0,0.0,0.2,20.0,309.0867692573629,0.0,30.0,0.0,0.0,0.0,99.85734557931332,0.0,0.5934465969741368,0.9890776616235613
271.0,0.0,0.0,-158.35921789262525,315.7378564088532,-50.0,0.0,0.2,20.0,309.0867692573629,0.0,30.0,0.0,0.0,0.0,99.85681917310198,0.0,0.5934465969741368,0.9890776616235613
272.0,0.0,0.0,-158.35921789262525,315.7378564088532,-50.0,0.0,0.2,20.0,309.0867692573629,0.0,30.0,0.0,0.0,0.0,99.85629276689065,0.0,0.5934465969741368,0.9890776616235613
273.0,0.0,0.0,-158.35921789262525,315.7378564088532,-50.0,0.0,0.2,20.0,309.0867692573629,0.0,30.0,0.0,0.0,0.0,99.85576636067933,0.0,0.5934465969741368,0.9890776616235613
274.0,0.0,0.0,-158.35921789262525,315.7378564088532,-50.0,0.0,0.2,20.0,309.0867692573629,0.0,30.0,0.0,0.0,0.0,99.85523995446799,0.0,0.5934465969741368,0.9890776616235613
275.0,0.0,0.0,-158.35921789262525,315.7378564088532,-50.0,0.0,0.2,20.0,309.0867692573629,0.0,30.0,0.0,0.0,0.0,99.85471354825667,0.0,0.5934465969741368,0.9890776616235613
276.0,0.0,0.0,-158.35921789262525,315.7378564088532,-50.0,0.0,0.2,20.0,309.0867692573629,0.0,30.0,0.0,0.0,0.0,99.85418714204533,0.0,0.5934465969741368,0.9890776616235613
277.0,0.0,0.0,-158.35921789262525,315.7378564088532,-50.0,0.0,0.2,20.0,309.0867692573629,0.0,30.0,0.0,0.0,0.0,99.85366073583401,0.0,0.5934465969741368,0.9890776616235613
278.0,0.0,0.0,-158.35921789262525,315.7378564088532,-50.0,0.0,0.2,20.0,309.0867692573629,0.0,30.0,0.0,0.0,0.0,99.85313432962268,0.0,0.5934465969741368,0.9890776616235613
279.0,0.0,0.0,-158.35921789262525,315.7378564088532,-50.0,0.0,0.2,20.0,309.0867692573629,0.0,30.0,0.0,0.0,0.0,99.85260792341134,0.0,0.5934465969741368,0.9890776616235613
280.0,0.0,0.0,-158.35921789262525,315.7378564088532,-50.0,0.0,0.2,20.0,309.0867692573629,0.0,30.0,0.0,0.0,0.0,99.85208151720002,0.0,0.5934465969741368,0.9890776616235613
281.0,0.0,0.0,-158.35921789262525,315.7378564088532,-50.0,0.0,0.2,20.0,309.0867692573629,0.0,30.0,0.0,0.0,0.0,99.8515551109887,0.0,0.5934465969741368,0.9890776616235613
282.0,0.0,0.0,-158.35921789262525,315.7378564088532,-50.0,0.0,0.2,20.0,309.0867692573629,0.0,30.0,0.0,0.0,0.0,99.85102870477736,0.0,0.5934465969741368,0.9890776616235613
283.0,0.0,0.0,-158.35921789262525,315.7378564088532,-50.0,0.0,0.2,20.0,309.0867692573629,0.0,30.0,0.0,0.0,0.0,99.85050229856603,0.0,0.5934465969741368,0.9890776616235613
284.0,0.0,0.0,-158.35921789262525,315.7378564088532,-50.0,0.0,0.2,20.0,309.0867692573629,0.0,30.0,0.0,0.0,0.0,99.84997589235469,0.0,0.5934465969741368,0.9890776616235613
285.0,0.0,0.0,-158.35921789262525,315.7378564088532,-50.0,0.0,0.2,20.0,309.0867692573629,0.0,30.0,0.0,0.0,0.0,99.84944948614337,0.0,0.5934465969741368,0.9890776616235613
286.0,0.0,0.0,-158.35921789262525,315.7378564088532,-50.0,0.0,0.2,20.0,309.0867692573629,0.0,30.0,0.0,0.0,0.0,99.84892307993205,0.0,0.5934465969741368,0.9890776616235613
287.0,0.0,0.0,-158.35921789262525,315.7378564088532,-50.0,0.0,0.2,20.0,309.0867692573629,0.0,30.0,0.0,0.0,0.0,99.84839667372071,0.0,0.5934465969741368,0.9890776616235613
288.0,0.0,0.0,-158.35921789262525,315.7378564088532,-50.0,0.0,0.2,20.0,309.0867692573629,0.0,30.0,0.0,0.0,0.0,99.84787026750939,0.0,0.5934465969741368,0.9890776616235613
289.0,0.0,0.0,-158.35921789262525,315.7378564088532,-50.0,0.0,0.2,20.0,309.0867692573629,0.0,30.0,0.0,0.0,0.0,99.84734386129804,0.0,0.5934465969741368,0.9890776616235613
290.0,0.0,0.0,-158.35921789262525,315.7378564088532,-50.0,0.0,0.2,20.0,309.0867692573629,0.0,30.0,0.0,0.0,0.0,99.84681745508672,0.0,0.5934465969741368,0.9890776616235613
291.0,0.0,0.0,-158.35921789262525,315.7378564088532,-50.0,0.0,0.2,20.0,309.0867692573629,0.0,30.0,0.0,0.0,0.0,99.8462910488754,0.0,0.5934465969741368,0.9890776616235613
292.0,0.0,0.0,-158.35921789262525,315.7378564088532,-50.0,0.0,0.2,20.0,309.0867692573629,0.0,30.0,0.0,0.0,0.0,99.84576464266407,0.0,0.5934465969741368,0.9890776616235613
293.0,0.0,0.0,-158.35921789262525,315.7378564088532,-50.0,0.0,0.2,20.0,309.0867692573629,0.0,30.0,0.0,0.0,0.0,99.84523823645274,0.0,0.5934465969741368,0.9890776616235613
294.0,0.0,0.0,-158.35921789262525,315.7378564088532,-50.0,0.0,0.2,20.0,309.0867692573629,0.0,30.0,0.0,0.0,0.0,99.84471183024142,0.0,0.5934465969741368,0.9890776616235613
295.0,0.0,0.0,-158.35921789262525,315.7378564088532,-50.0,0.0,0.2,20.0,309.0867692573629,0.0,30.0,0.0,0.0,0.0,99.84418542403007,0.0,0.5934465969741368,0.9890776616235613
296.0,0.0,0.0,-158.35921789262525,315.7378564088532,-50.0,0.0,0.2,20.0,309.0867692573629,0.0,30.0,0.0,0.0,0.0,99.84365901781875,0.0,0.5934465969741368,0.9890776616235613
297.0,0.0,0.0,-158.35921789262525,315.7378564088532,-50.0,0.0,0.2,20.0,309.0867692573629,0.0,30.0,0.0,0.0,0.0,99.84313261160742,0.0,0.5934465969741368,0.9890776616235613
298.0,0.0,0.0,-158.35921789262525,315.7378564088532,-50.0,0.0,0.2,20.0,309.0867692573629,0.0,30.0,0.0,0.0,0.0,99.8426062053961,0.0,0.5934465969741368,0.9890776616235613
299.0,0.0,0.0,-158.35921789262525,315.7378564088532,-50.0,0.0,0.2,20.0,309.0867692573629,0.0,30.0,0.0,0.0,0.0,99.84207979918477,0.0,0.5934465969741368,0.9890776616235613
300.0,0.0,0.0,-158.35921789262525,315.7378564088532,-50.0,0.0,0.2,20.0,309.0867692573629,0.0,30.0,0.0,0.0,0.0,99.84155339297342,0.0,0.5934465969741368,0.9890776616235613
301.0,0.0,0.0,-158.35921789262525,315.7378564088532,-50.0,0.0,0.2,20.0,309.0867692573629,0.0,30.0,0.0,0.0,0.0,99.8410269867621,0.0,0.5934465969741368,0.9890776616235613
302.0,0.0,0.0,-158.35921789262525,315.7378564088532,-50.0,0.0,0.2,20.0,309.0867692573629,0.0,30.0,0.0,0.0,0.0,99.84050058055077,0.0,0.5934465969741368,0.9890776616235613
303.0,0.0,0.0,-158.35921789262525,315.7378564088532,-50.0,0.0,0.2,20.0,309.0867692573629,0.0,30.0,0.0,0.0,0.0,99.83997417433945,0.0,0.5934465969741368,0.9890776616235613
304.0,0.0,0.0,-158.35921789262525,315.7378564088532,-50.0,0.0,0.2,20.0,309.0867692573629,0.0,30.0,0.0,0.0,0.0,99.83944776812812,0.0,0.5934465969741368,0.9890776616235613
305.0,0.0,0.0,-158.35921789262525,315.7378564088532,-50.0,0.0,0.2,20.0,309.0867692573629,0.0,30.0,0.0,0.0,0.0,99.83892136191679,0.0,0.5934465969741368,0.9890776616235613
306.0,0.0,0.0,-158.35921789262525,315.7378564088532,-50.0,0.0,0.2,20.0,309.0867692573629,0.0,30.0,0.0,0.0,0.0,99.83839495570545,0.0,0.5934465969741368,0.9890776616235613
307.0,0.0,0.0,-158.35921789262525,315.7378564088532,-50.0,0.0,0.2,20.0,309.0867692573629,0.0,30.0,0.0,0.0,0.0,99.83786854949413,0.0,0.5934465969741368,0.9890776616235613
308.0,0.0,0.0,-158.35921789262525,315.7378564088532,-50.0,0.0,0.2,20.0,309.0867692573629,0.0,30.0,0.0,0.0,0.0,99.8373421432828,0.0,0.5934465969741368,0.9890776616235613
309.0,0.0,0.0,-158.35921789262525,315.7378564088532,-50.0,0.0,0.2,20.0,309.0867692573629,0.0,30.0,0.0,0.0,0.0,99.83681573707148,0.0,0.5934465969741368,0.9890776616235613
310.0,0.0,0.0,-158.35921789262525,315.7378564088532,-50.0,0.0,0.2,20.0,309.0867692573629,0.0,30.0,0.0,0.0,0.0,99.83628933086014,0.0,0.5934465969741368,0.9890776616235613
311.0,0.0,0.0,-158.35921789262525,315.7378564088532,-50.0,0.0,0.2,20.0,309.0867692573629,0.0,30.0,0.0,0.0,0.0,99.83576292464882,0.0,0.5934465969741368,0.9890776616235613
312.0,0.0,0.0,-158.35921789262525,315.7378564088532,-50.0,0.0,0.2,20.0,309.0867692573629,0.0,30.0,0.0,0.0,0.0,99.83523651843748,0.0,0.5934465969741368,0.9890776616235613
313.0,0.0,0.0,-158.35921789262525,315.7378564088532,-50.0,0.0,0.2,20.0,309.0867692573629,0.0,30.0,0.0,0.0,0.0,99.83471011222615,0.0,0.5934465969741368,0.9890776616235613
314.0,0.0,0.0,-158.35921789262525,315.7378564088532,-50.0,0.0,0.2,20.0,309.0867692573629,0.0,30.0,0.0,0.0,0.0,99.83418370601483,0.0,0.5934465969741368,0.9890776616235613
315.0,0.0,0.0,-158.35921789262525,315.7378564088532,-50.0,0.0,0.2,20.0,309.0867692573629,0.0,30.0,0.0,0.0,0.0,99.83365729980349,0.0,0.5934465969741368,0.9890776616235613
316.0,0.0,0.0,-158.35921789262525,315.7378564088532,-50.0,0.0,0.2,20.0,309.0867692573629,0.0,30.0,0.0,0.0,0.0,99.83313089359217,0.0,0.5934465969741368,0.9890776616235613
317.0,0.0,0.0,-158.35921789262525,315.7378564088532,-50.0,0.0,0.2,20.0,309.0867692573629,0.0,30.0,0.0,0.0,0.0,99.83260448738083,0.0,0.5934465969741368,0.9890776616235613
318.0,0.0,0.0,-158.35921789262525,315.7378564088532,-50.0,0.0,0.2,20.0,309.0867692573629,0.0,30.0,0.0,0.0,0.0,99.8320780811695,0.0,0.5934465969741368,0.9890776616235613
319.0,0.0,0.0,-158.35921789262525,315.7378564088532,-50.0,0.0,0.2,20.0,309.0867692573629,0.0,30.0,0.0,0.0,0.0,99.83155167495818,0.0,0.5934465969741368,0.9890776616235613
320.0,0.0,0.0,-158.35921789262525,315.7378564088532,-50.0,0.0,0.2,20.0,309.0867692573629,0.0,30.0,0.0,0.0,0.0,99.83102526874686,0.0,0.5934465969741368,0.9890776616235613
321.0,0.0,0.0,-158.35921789262525,315.7378564088532,-50.0,0.0,0.2,20.0,309.0867692573629,0.0,30.0,0.0,0.0,0.0,99.83049886253552,0.0,0.5934465969741368,0.9890776616235613
322.0,0.0,0.0,-158.35921789262525,315.7378564088532,-50.0,0.0,0.2,20.0,309.0867692573629,0.0,30.0,0.0,0.0,0.0,99.8299724563242,0.0,0.5934465969741368,0.9890776616235613
323.0,0.0,0.0,-158.35921789262525,315.7378564088532,-50.0,0.0,0.2,20.0,309.0867692573629,0.0,30.0,0.0,0.0,0.0,99.82944605011285,0.0,0.5934465969741368,0.9890776616235613
324.0,0.0,0.0,-158.35921789262525,315.7378564088532,-50.0,0.0,0.2,20.0,309.0867692573629,0.0,30.0,0.0,0.0,0.0,99.82891964390153,0.0,0.5934465969741368,0.9890776616235613
325.0,0.0,0.0,-158.35921789262525,315.7378564088532,-50.0,0.0,0.2,20.0,309.0867692573629,0.0,30.0,0.0,0.0,0.0,99.82839323769021,0.0,0.5934465969741368,0.9890776616235613
326.0,0.0,0.0,-158.35921789262525,315.7378564088532,-50.0,0.0,0.2,20.0,309.0867692573629,0.0,30.0,0.0,0.0,0.0,99.82786683147887,0.0,0.5934465969741368,0.9890776616235613
327.0,0.0,0.0,-158.35921789262525,315.7378564088532,-50.0,0.0,0.2,20.0,309.0867692573629,0.0,30.0,0.0,0.0,0.0,99.82734042526755,0.0,0.5934465969741368,0.9890776616235613
328.0,0.0,0.0,-158.35921789262525,315.7378564088532,-50.0,0.0,0.2,20.0,309.0867692573629,0.0,30.0,0.0,0.0,0.0,99.82681401905621,0.0,0.5934465969741368,0.9890776616235613
329.0,0.0,0.0,-158.35921789262525,315.7378564088532,-50.0,0.0,0.2,20.0,309.0867692573629,0.0,30.0,0.0,0.0,0.0,99.82628761284488,0.0,0.5934465969741368,0.9890776616235613
330.0,0.0,0.0,-158.35921789262525,315.7378564088532,-50.0,0.0,0.2,20.0,309.0867692573629,0.0,30.0,0.0,0.0,0.0,99.82576120663356,0.0,0.5934465969741368,0.9890776616235613
331.0,0.0,0.0,-158.35921789262525,315.7378564088532,-50.0,0.0,0.2,20.0,309.0867692573629,0.0,30.0,0.0,0.0,0.0,99.82523480042222,0.0,0.5934465969741368,0.9890776616235613
332.0,0.0,0.0,-158.35921789262525,315.7378564088532,-50.0,0.0,0.2,20.0,309.0867692573629,0.0,30.0,0.0,0.0,0.0,99.8247083942109,0.0,0.5934465969741368,0.9890776616235613
333.0,0.0,0.0,-158.35921789262525,315.7378564088532,-50.0,0.0,0.2,20.0,309.0867692573629,0.0,30.0,0.0,0.0,0.0,99.82418198799958,0.0,0.5934465969741368,0.9890776616235613
334.0,0.0,0.0,-158.35921789262525,315.7378564088532,-50.0,0.0,0.2,20.0,309.0867692573629,0.0,30.0,0.0,0.0,0.0,99.82365558178824,0.0,0.5934465969741368,0.9890776616235613
335.0,0.0,0.0,-158.35921789262525,315.7378564088532,-50.0,0.0,0.2,20.0,309.0867692573629,0.0,30.0,0.0,0.0,0.0,99.82312917557691,0.0,0.5934465969741368,0.9890776616235613
336.0,0.0,0.0,-158.35921789262525,315.7378564088532,-50.0,0.0,0.2,20.0,309.0867692573629,0.0,30.0,0.0,0.0,0.0,99.82260276936557,0.0,0.5934465969741368,0.9890776616235613
337.0,0.0,0.0,-158.35921789262525,315.7378564088532,-50.0,0.0,0.2,20.0,309.0867692573629,0.0,30.0,0.0,0.0,0.0,99.82207636315425,0.0,0.5934465969741368,0.9890776616235613
338.0,0.0,0.0,-158.35921789262525,315.7378564088532,-50.0,0.0,0.2,20.0,309.0867692573629,0.0,30.0,0.0,0.0,0.0,99.82154995694293,0.0,0.5934465969741368,0.9890776616235613
339.0,0.0,0.0,-158.35921789262525,315.7378564088532,-50.0,0.0,0.2,20.0,309.0867692573629,0.0,30.0,0.0,0.0,0.0,99.8210235507316,0.0,0.5934465969741368,0.9890776616235613
340.0,0.0,0.0,-158.35921789262525,315.7378564088532,-50.0,0.0,0.2,20.0,309.0867692573629,0.0,30.0,0.0,0.0,0.0,99.82049714452026,0.0,0.5934465969741368,0.9890776616235613
341.0,0.0,0.0,-158.35921789262525,315.7378564088532,-50.0,0.0,0.2,20.0,309.0867692573629,0.0,30.0,0.0,0.0,0.0,99.81997073830892,0.0,0.5934465969741368,0.9890776616235613
342.0,0.0,0.0,-158.35921789262525,315.7378564088532,-50.0,0.0,0.2,20.0,309.0867692573629,0.0,30.0,0.0,0.0,0.0,99.8194443320976,0.0,0.5934465969741368,0.9890776616235613
343.0,0.0,0.0,-158.35921789262525,315.7378564088532,-50.0,0.0,0.2,20.0,309.0867692573629,0.0,30.0,0.0,0.0,0.0,99.81891792588628,0.0,0.5934465969741368,0.9890776616235613
344.0,0.0,0.0,-158.35921789262525,315.7378564088532,-50.0,0.0,0.2,20.0,309.0867692573629,0.0,30.0,0.0,0.0,0.0,99.81839151967495,0.0,0.5934465969741368,0.9890776616235613
345.0,0.0,0.0,-158.35921789262525,315.7378564088532,-50.0,0.0,0.2,20.0,309.0867692573629,0.0,30.0,0.0,0.0,0.0,99.81786511346363,0.0,0.5934465969741368,0.9890776616235613
346.0,0.0,0.0,-158.35921789262525,315.7378564088532,-50.0,0.0,0.2,20.0,309.0867692573629,0.0,30.0,0.0,0.0,0.0,99.81733870725229,0.0,0.5934465969741368,0.9890776616235613
347.0,0.0,0.0,-158.35921789262525,315.7378564088532,-50.0,0.0,0.2,20.0,309.0867692573629,0.0,30.0,0.0,0.0,0.0,99.81681230104095,0.0,0.5934465969741368,0.9890776616235613
348.0,0.0,0.0,-158.35921789262525,315.7378564088532,-50.0,0.0,0.2,20.0,309.0867692573629,0.0,30.0,0.0,0.0,0.0,99.81628589482963,0.0,0.5934465969741368,0.9890776616235613
349.0,0.0,0.0,-158.35921789262525,315.7378564088532,-50.0,0.0,0.2,20.0,309.0867692573629,0.0,30.0,0.0,0.0,0.0,99.8157594886183,0.0,0.5934465969741368,0.9890776616235613
350.0,0.0,0.0,-158.35921789262525,315.7378564088532,-50.0,0.0,0.2,20.0,309.0867692573629,0.0,30.0,0.0,0.0,0.0,99.81523308240698,0.0,0.5934465969741368,0.9890776616235613
351.0,0.0,0.0,-158.35921789262525,315.7378564088532,-50.0,0.0,0.2,20.0,309.0867692573629,0.0,30.0,0.0,0.0,0.0,99.81470667619566,0.0,0.5934465969741368,0.9890776616235613
352.0,0.0,0.0,-158.35921789262525,315.7378564088532,-50.0,0.0,0.2,20.0,309.0867692573629,0.0,30.0,0.0,0.0,0.0,99.8141802699843,0.0,0.5934465969741368,0.9890776616235613
353.0,0.0,0.0,-158.35921789262525,315.7378564088532,-50.0,0.0,0.2,20.0,309.0867692573629,0.0,30.0,0.0,0.0,0.0,99.81365386377298,0.0,0.5934465969741368,0.9890776616235613
354.0,0.0,0.0,-158.35921789262525,315.7378564088532,-50.0,0.0,0.2,20.0,309.0867692573629,0.0,30.0,0.0,0.0,0.0,99.81312745756165,0.0,0.5934465969741368,0.9890776616235613
355.0,0.0,0.0,-158.35921789262525,315.7378564088532,-50.0,0.0,0.2,20.0,309.0867692573629,0.0,30.0,0.0,0.0,0.0,99.81260105135033,0.0,0.5934465969741368,0.9890776616235613
356.0,0.0,0.0,-158.35921789262525,315.7378564088532,-50.0,0.0,0.2,20.0,309.0867692573629,0.0,30.0,0.0,0.0,0.0,99.812074645139,0.0,0.5934465969741368,0.9890776616235613
357.0,0.0,0.0,-158.35921789262525,315.7378564088532,-50.0,0.0,0.2,20.0,309.0867692573629,0.0,30.0,0.0,0.0,0.0,99.81154823892766,0.0,0.5934465969741368,0.9890776616235613
358.0,0.0,0.0,-158.35921789262525,315.7378564088532,-50.0,0.0,0.2,20.0,309.0867692573629,0.0,30.0,0.0,0.0,0.0,99.81102183271634,0.0,0.5934465969741368,0.9890776616235613
359.0,0.0,0.0,-158.35921789262525,315.7378564088532,-50.0,0.0,0.2,20.0,309.0867692573629,0.0,30.0,0.0,0.0,0.0,99.81049542650501,0.0,0.5934465969741368,0.9890776616235613
360.0,0.0,0.0,-158.35921789262525,315.7378564088532,-50.0,0.0,0.2,20.0,309.0867692573629,0.0,30.0,0.0,0.0,0.0,99.80996902029368,0.0,0.5934465969741368,0.9890776616235613
361.0,0.0,0.0,-158.35921789262525,315.7378564088532,-50.0,0.0,0.2,20.0,309.0867692573629,0.0,30.0,0.0,0.0,0.0,99.80944261408236,0.0,0.5934465969741368,0.9890776616235613
362.0,0.0,0.0,-158.35921789262525,315.7378564088532,-50.0,0.0,0.2,20.0,309.0867692573629,0.0,30.0,0.0,0.0,0.0,99.80891620787102,0.0,0.5934465969741368,0.9890776616235613
363.0,0.0,0.0,-158.35921789262525,315.7378564088532,-50.0,0.0,0.2,20.0,309.0867692573629,0.0,30.0,0.0,0.0,0.0,99.80838980165969,0.0,0.5934465969741368,0.9890776616235613
364.0,0.0,0.0,-158.35921789262525,315.7378564088532,-50.0,0.0,0.2,20.0,309.0867692573629,0.0,30.0,0.0,0.0,0.0,99.80786339544836,0.0,0.5934465969741368,0.9890776616235613
365.0,0.0,0.0,-158.35921789262525,315.7378564088532,-50.0,0.0,0.2,20.0,309.0867692573629,0.0,30.0,0.0,0.0,0.0,99.80733698923703,0.0,0.5934465969741368,0.9890776616235613
366.0,0.0,0.0,-158.35921789262525,315.7378564088532,-50.0,0.0,0.2,20.0,309.0867692573629,0.0,30.0,0.0,0.0,0.0,99.80681058302571,0.0,0.5934465969741368,0.9890776616235613
367.0,0.0,0.0,-158.35921789262525,315.7378564088532,-50.0,0.0,0.2,20.0,309.0867692573629,0.0,30.0,0.0,0.0,0.0,99.80628417681437,0.0,0.5934465969741368,0.9890776616235613
368.0,0.0,0.0,-158.35921789262525,315.7378564088532,-50.0,0.0,0.2,20.0,309.0867692573629,0.0,30.0,0.0,0.0,0.0,99.80575777060305,0.0,0.5934465969741368,0.9890776616235613
369.0,0.0,0.0,-158.35921789262525,315.7378564088532,-50.0,0.0,0.2,20.0,309.0867692573629,0.0,30.0,0.0,0.0,0.0,99.80523136439172,0.0,0.5934465969741368,0.9890776616235613
370.0,0.0,0.0,-158.35921789262525,315.7378564088532,-50.0,0.0,0.2,20.0,309.0867692573629,0.0,30.0,0.0,0.0,0.0,99.80470495818038,0.0,0.5934465969741368,0.9890776616235613
371.0,0.0,0.0,-158.35921789262525,315.7378564088532,-50.0,0.0,0.2,20.0,309.0867692573629,0.0,30.0,0.0,0.0,0.0,99.80417855196906,0.0,0.5934465969741368,0.9890776616235613
372.0,0.0,0.0,-158.35921789262525,315.7378564088532,-50.0,0.0,0.2,20.0,309.0867692573629,0.0,30.0,0.0,0.0,0.0,99.80365214575774,0.0,0.5934465969741368,0.9890776616235613
373.0,0.0,0.0,-158.35921789262525,315.7378564088532,-50.0,0.0,0.2,20.0,309.0867692573629,0.0,30.0,0.0,0.0,0.0,99.8031257395464,0.0,0.5934465969741368,0.9890776616235613
374.0,0.0,0.0,-158.35921789262525,315.7378564088532,-50.0,0.0,0.2,20.0,309.0867692573629,0.0,30.0,0.0,0.0,0.0,99.80259933333507,0.0,0.5934465969741368,0.9890776616235613
375.0,0.0,0.0,-158.35921789262525,315.7378564088532,-50.0,0.0,0.2,20.0,309.0867692573629,0.0,30.0,0.0,0.0,0.0,99.80207292712373,0.0,0.5934465969741368,0.9890776616235613
376.0,0.0,0.0,-158.35921789262525,315.7378564088532,-50.0,0.0,0.2,20.0,309.0867692573629,0.0,30.0,0.0,0.0,0.0,99.80154652091241,0.0,0.5934465969741368,0.9890776616235613
377.0,0.0,0.0,-158.35921789262525,315.7378564088532,-50.0,0.0,0.2,20.0,309.0867692573629,0.0,30.0,0.0,0.0,0.0,99.80102011470109,0.0,0.5934465969741368,0.9890776616235613
378.0,0.0,0.0,-158.35921789262525,315.7378564088532,-50.0,0.0,0.2,20.0,309.0867692573629,0.0,30.0,0.0,0.0,0.0,99.80049370848975,0.0,0.5934465969741368,0.9890776616235613
379.0,0.0,0.0,-158.35921789262525,315.7378564088532,-50.0,0.0,0.2,20.0,309.0867692573629,0.0,30.0,0.0,0.0,0.0,99.79996730227843,0.0,0.5934465969741368,0.9890776616235613
380.0,0.0,0.0,-158.35921789262525,315.7378564088532,-50.0,0.0,0.2,20.0,309.0867692573629,0.0,30.0,0.0,0.0,0.0,99.79944089606708,0.0,0.5934465969741368,0.9890776616235613
381.0,0.0,0.0,-158.35921789262525,315.7378564088532,-50.0,0.0,0.2,20.0,309.0867692573629,0.0,30.0,0.0,0.0,0.0,99.79891448985576,0.0,0.5934465969741368,0.9890776616235613
382.0,0.0,0.0,-158.35921789262525,315.7378564088532,-50.0,0.0,0.2,20.0,309.0867692573629,0.0,30.0,0.0,0.0,0.0,99.79838808364444,0.0,0.5934465969741368,0.9890776616235613
383.0,0.0,0.0,-158.35921789262525,315.7378564088532,-50.0,0.0,0.2,20.0,309.0867692573629,0.0,30.0,0.0,0.0,0.0,99.7978616774331,0.0,0.5934465969741368,0.9890776616235613
384.0,0.0,0.0,-158.35921789262525,315.7378564088532,-50.0,0.0,0.2,20.0,309.0867692573629,0.0,30.0,0.0,0.0,0.0,99.79733527122178,0.0,0.5934465969741368,0.9890776616235613
385.0,0.0,0.0,-158.35921789262525,315.7378564088532,-50.0,0.0,0.2,20.0,309.0867692573629,0.0,30.0,0.0,0.0,0.0,99.79680886501046,0.0,0.5934465969741368,0.9890776616235613
386.0,0.0,0.0,-158.35921789262525,315.7378564088532,-50.0,0.0,0.2,20.0,309.0867692573629,0.0,30.0,0.0,0.0,0.0,99.79628245879911,0.0,0.5934465969741368,0.9890776616235613
387.0,0.0,0.0,-158.35921789262525,315.7378564088532,-50.0,0.0,0.2,20.0,309.0867692573629,0.0,30.0,0.0,0.0,0.0,99.79575605258779,0.0,0.5934465969741368,0.9890776616235613
388.0,0.0,0.0,-158.35921789262525,315.7378564088532,-50.0,0.0,0.2,20.0,309.0867692573629,0.0,30.0,0.0,0.0,0.0,99.79522964637646,0.0,0.5934465969741368,0.9890776616235613
389.0,0.0,0.0,-158.35921789262525,315.7378564088532,-50.0,0.0,0.2,20.0,309.0867692573629,0.0,30.0,0.0,0.0,0.0,99.79470324016513,0.0,0.5934465969741368,0.9890776616235613
390.0,0.0,0.0,-158.35921789262525,315.7378564088532,-50.0,0.0,0.2,20.0,309.0867692573629,0.0,30.0,0.0,0.0,0.0,99.79417683395381,0.0,0.5934465969741368,0.9890776616235613
391.0,0.0,0.0,-158.35921789262525,315.7378564088532,-50.0,0.0,0.2,20.0,309.0867692573629,0.0,30.0,0.0,0.0,0.0,99.79365042774246,0.0,0.5934465969741368,0.9890776616235613
392.0,0.0,0.0,-158.35921789262525,315.7378564088532,-50.0,0.0,0.2,20.0,309.0867692573629,0.0,30.0,0.0,0.0,0.0,99.79312402153114,0.0,0.5934465969741368,0.9890776616235613
393.0,0.0,0.0,-158.35921789262525,315.7378564088532,-50.0,0.0,0.2,20.0,309.0867692573629,0.0,30.0,0.0,0.0,0.0,99.7925976153198,0.0,0.5934465969741368,0.9890776616235613
394.0,0.0,0.0,-158.35921789262525,315.7378564088532,-50.0,0.0,0.2,20.0,309.0867692573629,0.0,30.0,0.0,0.0,0.0,99.79207120910849,0.0,0.5934465969741368,0.9890776616235613
395.0,0.0,0.0,-158.35921789262525,315.7378564088532,-50.0,0.0,0.2,20.0,309.0867692573629,0.0,30.0,0.0,0.0,0.0,99.79154480289716,0.0,0.5934465969741368,0.9890776616235613
396.0,0.0,0.0,-158.35921789262525,315.7378564088532,-50.0,0.0,0.2,20.0,309.0867692573629,0.0,30.0,0.0,0.0,0.0,99.79101839668583,0.0,0.5934465969741368,0.9890776616235613
397.0,0.0,0.0,-158.35921789262525,315.7378564088532,-50.0,0.0,0.2,20.0,309.0867692573629,0.0,30.0,0.0,0.0,0.0,99.7904919904745,0.0,0.5934465969741368,0.9890776616235613
398.0,0.0,0.0,-158.35921789262525,315.7378564088532,-50.0,0.0,0.2,20.0,309.0867692573629,0.0,30.0,0.0,0.0,0.0,99.78996558426317,0.0,0.5934465969741368,0.9890776616235613
399.0,0.0,0.0,-158.35921789262525,315.7378564088532,-50.0,0.0,0.2,20.0,309.0867692573629,0.0,30.0,0.0,0.0,0.0,99.78943917805184,0.0,0.5934465969741368,0.9890776616235613
400.0,0.0,0.0,-158.35921789262525,315.7378564088532,-50.0,0.0,0.2,20.0,309.0867692573629,0.0,30.0,0.0,0.0,0.0,99.78891277184051,0.0,0.5934465969741368,0.9890776616235613
401.0,0.0,0.0,-158.35921789262525,315.7378564088532,-50.0,0.0,0.2,20.0,309.0867692573629,0.0,30.0,0.0,0.0,0.0,99.78838636562918,0.0,0.5934465969741368,0.9890776616235613
402.0,0.0,0.0,-158.35921789262525,315.7378564088532,-50.0,0.0,0.2,20.0,309.0867692573629,0.0,30.0,0.0,0.0,0.0,99.78785995941786,0.0,0.5934465969741368,0.9890776616235613
403.0,0.0,0.0,-158.35921789262525,315.7378564088532,-50.0,0.0,0.2,20.0,309.0867692573629,0.0,30.0,0.0,0.0,0.0,99.78733355320652,0.0,0.5934465969741368,0.9890776616235613
404.0,0.0,0.0,-158.35921789262525,315.7378564088532,-50.0,0.0,0.2,20.0,309.0867692573629,0.0,30.0,0.0,0.0,0.0,99.78680714699519,0.0,0.5934465969741368,0.9890776616235613
405.0,0.0,0.0,-158.35921789262525,315.7378564088532,-50.0,0.0,0.2,20.0,309.0867692573629,0.0,30.0,0.0,0.0,0.0,99.78628074078387,0.0,0.5934465969741368,0.9890776616235613
406.0,0.0,0.0,-158.35921789262525,315.7378564088532,-50.0,0.0,0.2,20.0,309.0867692573629,0.0,30.0,0.0,0.0,0.0,99.78575433457253,0.0,0.5934465969741368,0.9890776616235613
407.0,0.0,0.0,-158.35921789262525,315.7378564088532,-50.0,0.0,0.2,20.0,309.0867692573629,0.0,30.0,0.0,0.0,0.0,99.78522792836121,0.0,0.5934465969741368,0.9890776616235613
408.0,0.0,0.0,-158.35921789262525,315.7378564088532,-50.0,0.0,0.2,20.0,309.0867692573629,0.0,30.0,0.0,0.0,0.0,99.78470152214989,0.0,0.5934465969741368,0.9890776616235613
409.0,0.0,0.0,-158.35921789262525,315.7378564088532,-50.0,0.0,0.2,20.0,309.0867692573629,0.0,30.0,0.0,0.0,0.0,99.78417511593854,0.0,0.5934465969741368,0.9890776616235613
410.0,0.0,0.0,-158.35921789262525,315.7378564088532,-50.0,0.0,0.2,20.0,309.0867692573629,0.0,30.0,0.0,0.0,0.0,99.78364870972722,0.0,0.5934465969741368,0.9890776616235613
411.0,0.0,0.0,-158.35921789262525,315.7378564088532,-50.0,0.0,0.2,20.0,309.0867692573629,0.0,30.0,0.0,0.0,0.0,99.7831223035159,0.0,0.5934465969741368,0.9890776616235613
412.0,0.0,0.0,-158.35921789262525,315.7378564088532,-50.0,0.0,0.2,20.0,309.0867692573629,0.0,30.0,0.0,0.0,0.0,99.78259589730456,0.0,0.5934465969741368,0.9890776616235613
413.0,0.0,0.0,-158.35921789262525,315.7378564088532,-50.0,0.0,0.2,20.0,309.0867692573629,0.0,30.0,0.0,0.0,0.0,99.78206949109324,0.0,0.5934465969741368,0.9890776616235613
414.0,0.0,0.0,-158.35921789262525,315.7378564088532,-50.0,0.0,0.2,20.0,309.0867692573629,0.0,30.0,0.0,0.0,0.0,99.78154308488189,0.0,0.5934465969741368,0.9890776616235613
415.0,0.0,0.0,-158.35921789262525,315.7378564088532,-50.0,0.0,0.2,20.0,309.0867692573629,0.0,30.0,0.0,0.0,0.0,99.78101667867057,0.0,0.5934465969741368,0.9890776616235613
416.0,0.0,0.0,-158.35921789262525,315.7378564088532,-50.0,0.0,0.2,20.0,309.0867692573629,0.0,30.0,0.0,0.0,0.0,99.78049027245925,0.0,0.5934465969741368,0.9890776616235613
417.0,0.0,0.0,-158.35921789262525,315.7378564088532,-50.0,0.0,0.2,20.0,309.0867692573629,0.0,30.0,0.0,0.0,0.0,99.77996386624791,0.0,0.5934465969741368,0.9890776616235613
418.0,0.0,0.0,-158.35921789262525,315.7378564088532,-50.0,0.0,0.2,20.0,309.0867692573629,0.0,30.0,0.0,0.0,0.0,99.77943746003659,0.0,0.5934465969741368,0.9890776616235613
419.0,0.0,0.0,-158.35921789262525,315.7378564088532,-50.0,0.0,0.2,20.0,309.0867692573629,0.0,30.0,0.0,0.0,0.0,99.77891105382525,0.0,0.5934465969741368,0.9890776616235613
420.0,0.0,0.0,-158.35921789262525,315.7378564088532,-50.0,0.0,0.2,20.0,309.0867692573629,0.0,30.0,0.0,0.0,0.0,99.77838464761392,0.0,0.5934465969741368,0.9890776616235613
421.0,0.0,0.0,-158.35921789262525,315.7378564088532,-50.0,0.0,0.2,20.0,309.0867692573629,0.0,30.0,0.0,0.0,0.0,99.7778582414026,0.0,0.5934465969741368,0.9890776616235613
422.0,0.0,0.0,-158.35921789262525,315.7378564088532,-50.0,0.0,0.2,20.0,309.0867692573629,0.0,30.0,0.0,0.0,0.0,99.77733183519126,0.0,0.5934465969741368,0.9890776616235613
423.0,0.0,0.0,-158.35921789262525,315.7378564088532,-50.0,0.0,0.2,20.0,309.0867692573629,0.0,30.0,0.0,0.0,0.0,99.77680542897994,0.0,0.5934465969741368,0.9890776616235613
424.0,0.0,0.0,-158.35921789262525,315.7378564088532,-50.0,0.0,0.2,20.0,309.0867692573629,0.0,30.0,0.0,0.0,0.0,99.77627902276862,0.0,0.5934465969741368,0.9890776616235613
425.0,0.0,0.0,-158.35921789262525,315.7378564088532,-50.0,0.0,0.2,20.0,309.0867692573629,0.0,30.0,0.0,0.0,0.0,99.77575261655728,0.0,0.5934465969741368,0.9890776616235613
426.0,0.0,0.0,-158.35921789262525,315.7378564088532,-50.0,0.0,0.2,20.0,309.0867692573629,0.0,30.0,0.0,0.0,0.0,99.77522621034595,0.0,0.5934465969741368,0.9890776616235613
427.0,0.0,0.0,-158.35921789262525,315.7378564088532,-50.0,0.0,0.2,20.0,309.0867692573629,0.0,30.0,0.0,0.0,0.0,99.77469980413461,0.0,0.5934465969741368,0.9890776616235613
428.0,0.0,0.0,-158.35921789262525,315.7378564088532,-50.0,0.0,0.2,20.0,309.0867692573629,0.0,30.0,0.0,0.0,0.0,99.77417339792329,0.0,0.5934465969741368,0.9890776616235613
429.0,0.0,0.0,-158.35921789262525,315.7378564088532,-50.0,0.0,0.2,20.0,309.0867692573629,0.0,30.0,0.0,0.0,0.0,99.77364699171197,0.0,0.5934465969741368,0.9890776616235613
430.0,0.0,0.0,-158.35921789262525,315.7378564088532,-50.0,0.0,0.2,20.0,309.0867692573629,0.0,30.0,0.0,0.0,0.0,99.77312058550064,0.0,0.5934465969741368,0.9890776616235613
431.0,0.0,0.0,-158.35921789262525,315.7378564088532,-50.0,0.0,0.2,20.0,309.0867692573629,0.0,30.0,0.0,0.0,0.0,99.7725941792893,0.0,0.5934465969741368,0.9890776616235613
432.0,0.0,0.0,-158.35921789262525,315.7378564088532,-50.0,0.0,0.2,20.0,309.0867692573629,0.0,30.0,0.0,0.0,0.0,99.77206777307796,0.0,0.5934465969741368,0.9890776616235613
433.0,0.0,0.0,-158.35921789262525,315.7378564088532,-50.0,0.0,0.2,20.0,309.0867692573629,0.0,30.0,0.0,0.0,0.0,99.77154136686664,0.0,0.5934465969741368,0.9890776616235613
434.0,0.0,0.0,-158.35921789262525,315.7378564088532,-50.0,0.0,0.2,20.0,309.0867692573629,0.0,30.0,0.0,0.0,0.0,99.77101496065532,0.0,0.5934465969741368,0.9890776616235613
435.0,0.0,0.0,-158.35921789262525,315.7378564088532,-50.0,0.0,0.2,20.0,309.0867692573629,0.0,30.0,0.0,0.0,0.0,99.77048855444399,0.0,0.5934465969741368,0.9890776616235613
436.0,0.0,0.0,-158.35921789262525,315.7378564088532,-50.0,0.0,0.2,20.0,309.0867692573629,0.0,30.0,0.0,0.0,0.0,99.76996214823266,0.0,0.5934465969741368,0.9890776616235613
437.0,0.0,0.0,-158.35921789262525,315.7378564088532,-50.0,0.0,0.2,20.0,309.0867692573629,0.0,30.0,0.0,0.0,0.0,99.76943574202133,0.0,0.5934465969741368,0.9890776616235613
438.0,0.0,0.0,-158.35921789262525,315.7378564088532,-50.0,0.0,0.2,20.0,309.0867692573629,0.0,30.0,0.0,0.0,0.0,99.76890933581,0.0,0.5934465969741368,0.9890776616235613
439.0,0.0,0.0,-158.35921789262525,315.7378564088532,-50.0,0.0,0.2,20.0,309.0867692573629,0.0,30.0,0.0,0.0,0.0,99.76838292959867,0.0,0.5934465969741368,0.9890776616235613
440.0,0.0,0.0,-158.35921789262525,315.7378564088532,-50.0,0.0,0.2,20.0,309.0867692573629,0.0,30.0,0.0,0.0,0.0,99.76785652338734,0.0,0.5934465969741368,0.9890776616235613
441.0,0.0,0.0,-158.35921789262525,315.7378564088532,-50.0,0.0,0.2,20.0,309.0867692573629,0.0,30.0,0.0,0.0,0.0,99.76733011717602,0.0,0.5934465969741368,0.9890776616235613
442.0,0.0,0.0,-158.35921789262525,315.7378564088532,-50.0,0.0,0.2,20.0,309.0867692573629,0.0,30.0,0.0,0.0,0.0,99.7668037109647,0.0,0.5934465969741368,0.9890776616235613
443.0,0.0,0.0,-158.35921789262525,315.7378564088532,-50.0,0.0,0.2,20.0,309.0867692573629,0.0,30.0,0.0,0.0,0.0,99.76627730475334,0.0,0.5934465969741368,0.9890776616235613
444.0,0.0,0.0,-158.35921789262525,315.7378564088532,-50.0,0.0,0.2,20.0,309.0867692573629,0.0,30.0,0.0,0.0,0.0,99.76575089854202,0.0,0.5934465969741368,0.9890776616235613
445.0,0.0,0.0,-158.35921789262525,315.7378564088532,-50.0,0.0,0.2,20.0,309.0867692573629,0.0,30.0,0.0,0.0,0.0,99.76522449233069,0.0,0.5934465969741368,0.9890776616235613
446.0,0.0,0.0,-158.35921789262525,315.7378564088532,-50.0,0.0,0.2,20.0,309.0867692573629,0.0,30.0,0.0,0.0,0.0,99.76469808611937,0.0,0.5934465969741368,0.9890776616235613
447.0,0.0,0.0,-158.35921789262525,315.7378564088532,-50.0,0.0,0.2,20.0,309.0867692573629,0.0,30.0,0.0,0.0,0.0,99.76417167990805,0.0,0.5934465969741368,0.9890776616235613
448.0,0.0,0.0,-158.35921789262525,315.7378564088532,-50.0,0.0,0.2,20.0,309.0867692573629,0.0,30.0,0.0,0.0,0.0,99.7636452736967,0.0,0.5934465969741368,0.9890776616235613
449.0,0.0,0.0,-158.35921789262525,315.7378564088532,-50.0,0.0,0.2,20.0,309.0867692573629,0.0,30.0,0.0,0.0,0.0,99.76311886748537,0.0,0.5934465969741368,0.9890776616235613
450.0,0.0,0.0,-158.35921789262525,315.7378564088532,-50.0,0.0,0.2,20.0,309.0867692573629,0.0,30.0,0.0,0.0,0.0,99.76259246127405,0.0,0.5934465969741368,0.9890776616235613
451.0,0.0,0.0,-158.35921789262525,315.7378564088532,-50.0,0.0,0.2,20.0,309.0867692573629,0.0,30.0,0.0,0.0,0.0,99.76206605506272,0.0,0.5934465969741368,0.9890776616235613
452.0,0.0,0.0,-158.35921789262525,315.7378564088532,-50.0,0.0,0.2,20.0,309.0867692573629,0.0,30.0,0.0,0.0,0.0,99.7615396488514,0.0,0.5934465969741368,0.9890776616235613
453.0,0.0,0.0,-158.35921789262525,315.7378564088532,-50.0,0.0,0.2,20.0,309.0867692573629,0.0,30.0,0.0,0.0,0.0,99.76101324264006,0.0,0.5934465969741368,0.9890776616235613
454.0,0.0,0.0,-158.35921789262525,315.7378564088532,-50.0,0.0,0.2,20.0,309.0867692573629,0.0,30.0,0.0,0.0,0.0,99.76048683642873,0.0,0.5934465969741368,0.9890776616235613
455.0,0.0,0.0,-158.35921789262525,315.7378564088532,-50.0,0.0,0.2,20.0,309.0867692573629,0.0,30.0,0.0,0.0,0.0,99.7599604302174,0.0,0.5934465969741368,0.9890776616235613
456.0,0.0,0.0,-158.35921789262525,315.7378564088532,-50.0,0.0,0.2,20.0,309.0867692573629,0.0,30.0,0.0,0.0,0.0,99.75943402400607,0.0,0.5934465969741368,0.9890776616235613
457.0,0.0,0.0,-158.35921789262525,315.7378564088532,-50.0,0.0,0.2,20.0,309.0867692573629,0.0,30.0,0.0,0.0,0.0,99.75890761779475,0.0,0.5934465969741368,0.9890776616235613
458.0,0.0,0.0,-158.35921789262525,315.7378564088532,-50.0,0.0,0.2,20.0,309.0867692573629,0.0,30.0,0.0,0.0,0.0,99.75838121158341,0.0,0.5934465969741368,0.9890776616235613
459.0,0.0,0.0,-158.35921789262525,315.7378564088532,-50.0,0.0,0.2,20.0,309.0867692573629,0.0,30.0,0.0,0.0,0.0,99.75785480537209,0.0,0.5934465969741368,0.9890776616235613
460.0,0.0,0.0,-158.35921789262525,315.7378564088532,-50.0,0.0,0.2,20.0,309.0867692573629,0.0,30.0,0.0,0.0,0.0,99.75732839916076,0.0,0.5934465969741368,0.9890776616235613
461.0,0.0,0.0,-158.35921789262525,315.7378564088532,-50.0,0.0,0.2,20.0,309.0867692573629,0.0,30.0,0.0,0.0,0.0,99.75680199294942,0.0,0.5934465969741368,0.9890776616235613
462.0,0.0,0.0,-158.35921789262525,315.7378564088532,-50.0,0.0,0.2,20.0,309.0867692573629,0.0,30.0,0.0,0.0,0.0,99.7562755867381,0.0,0.5934465969741368,0.9890776616235613
463.0,0.0,0.0,-158.35921789262525,315.7378564088532,-50.0,0.0,0.2,20.0,309.0867692573629,0.0,30.0,0.0,0.0,0.0,99.75574918052678,0.0,0.5934465969741368,0.9890776616235613
464.0,0.0,0.0,-158.35921789262525,315.7378564088532,-50.0,0.0,0.2,20.0,309.0867692573629,0.0,30.0,0.0,0.0,0.0,99.75522277431544,0.0,0.5934465969741368,0.9890776616235613
465.0,0.0,0.0,-158.35921789262525,315.7378564088532,-50.0,0.0,0.2,20.0,309.0867692573629,0.0,30.0,0.0,0.0,0.0,99.7546963681041,0.0,0.5934465969741368,0.9890776616235613
466.0,0.0,0.0,-158.35921789262525,315.7378564088532,-50.0,0.0,0.2,20.0,309.0867692573629,0.0,30.0,0.0,0.0,0.0,99.75416996189277,0.0,0.5934465969741368,0.9890776616235613
467.0,0.0,0.0,-158.35921789262525,315.7378564088532,-50.0,0.0,0.2,20.0,309.0867692573629,0.0,30.0,0.0,0.0,0.0,99.75364355568145,0.0,0.5934465969741368,0.9890776616235613
468.0,0.0,0.0,-158.35921789262525,315.7378564088532,-50.0,0.0,0.2,20.0,309.0867692573629,0.0,30.0,0.0,0.0,0.0,99.75311714947013,0.0,0.5934465969741368,0.9890776616235613
469.0,0.0,0.0,-158.35921789262525,315.7378564088532,-50.0,0.0,0.2,20.0,309.0867692573629,0.0,30.0,0.0,0.0,0.0,99.75259074325879,0.0,0.5934465969741368,0.9890776616235613
470.0,0.0,0.0,-158.35921789262525,315.7378564088532,-50.0,0.0,0.2,20.0,309.0867692573629,0.0,30.0,0.0,0.0,0.0,99.75206433704747,0.0,0.5934465969741368,0.9890776616235613
471.0,0.0,0.0,-158.35921789262525,315.7378564088532,-50.0,0.0,0.2,20.0,309.0867692573629,0.0,30.0,0.0,0.0,0.0,99.75153793083612,0.0,0.5934465969741368,0.9890776616235613
472.0,0.0,0.0,-158.35921789262525,315.7378564088532,-50.0,0.0,0.2,20.0,309.0867692573629,0.0,30.0,0.0,0.0,0.0,99.7510115246248,0.0,0.5934465969741368,0.9890776616235613
473.0,0.0,0.0,-158.35921789262525,315.7378564088532,-50.0,0.0,0.2,20.0,309.0867692573629,0.0,30.0,0.0,0.0,0.0,99.75048511841348,0.0,0.5934465969741368,0.9890776616235613
474.0,0.0,0.0,-158.35921789262525,315.7378564088532,-50.0,0.0,0.2,20.0,309.0867692573629,0.0,30.0,0.0,0.0,0.0,99.74995871220214,0.0,0.5934465969741368,0.9890776616235613
475.0,0.0,0.0,-158.35921789262525,315.7378564088532,-50.0,0.0,0.2,20.0,309.0867692573629,0.0,30.0,0.0,0.0,0.0,99.74943230599082,0.0,0.5934465969741368,0.9890776616235613
476.0,0.0,0.0,-158.35921789262525,315.7378564088532,-50.0,0.0,0.2,20.0,309.0867692573629,0.0,30.0,0.0,0.0,0.0,99.7489058997795,0.0,0.5934465969741368,0.9890776616235613
477.0,0.0,0.0,-158.35921789262525,315.7378564088532,-50.0,0.0,0.2,20.0,309.0867692573629,0.0,30.0,0.0,0.0,0.0,99.74837949356815,0.0,0.5934465969741368,0.9890776616235613
478.0,0.0,0.0,-158.35921789262525,315.7378564088532,-50.0,0.0,0.2,20.0,309.0867692573629,0.0,30.0,0.0,0.0,0.0,99.74785308735683,0.0,0.5934465969741368,0.9890776616235613
479.0,0.0,0.0,-158.35921789262525,315.7378564088532,-50.0,0.0,0.2,20.0,309.0867692573629,0.0,30.0,0.0,0.0,0.0,99.7473266811455,0.0,0.5934465969741368,0.9890776616235613
480.0,0.0,0.0,-158.35921789262525,315.7378564088532,-50.0,0.0,0.2,20.0,309.0867692573629,0.0,30.0,0.0,0.0,0.0,99.74680027493417,0.0,0.5934465969741368,0.9890776616235613
481.0,0.0,0.0,-158.35921789262525,315.7378564088532,-50.0,0.0,0.2,20.0,309.0867692573629,0.0,30.0,0.0,0.0,0.0,99.74627386872285,0.0,0.5934465969741368,0.9890776616235613
482.0,0.0,0.0,-158.35921789262525,315.7378564088532,-50.0,0.0,0.2,20.0,309.0867692573629,0.0,30.0,0.0,0.0,0.0,99.74574746251152,0.0,0.5934465969741368,0.9890776616235613
483.0,0.0,0.0,-158.35921789262525,315.7378564088532,-50.0,0.0,0.2,20.0,309.0867692573629,0.0,30.0,0.0,0.0,0.0,99.74522105630018,0.0,0.5934465969741368,0.9890776616235613
484.0,0.0,0.0,-158.35921789262525,315.7378564088532,-50.0,0.0,0.2,20.0,309.0867692573629,0.0,30.0,0.0,0.0,0.0,99.74469465008885,0.0,0.5934465969741368,0.9890776616235613
485.0,0.0,0.0,-158.35921789262525,315.7378564088532,-50.0,0.0,0.2,20.0,309.0867692573629,0.0,30.0,0.0,0.0,0.0,99.74416824387752,0.0,0.5934465969741368,0.9890776616235613
486.0,0.0,0.0,-158.35921789262525,315.7378564088532,-50.0,0.0,0.2,20.0,309.0867692573629,0.0,30.0,0.0,0.0,0.0,99.7436418376662,0.0,0.5934465969741368,0.9890776616235613
487.0,0.0,0.0,-158.35921789262525,315.7378564088532,-50.0,0.0,0.2,20.0,309.0867692573629,0.0,30.0,0.0,0.0,0.0,99.74311543145487,0.0,0.5934465969741368,0.9890776616235613
488.0,0.0,0.0,-158.35921789262525,315.7378564088532,-50.0,0.0,0.2,20.0,309.0867692573629,0.0,30.0,0.0,0.0,0.0,99.74258902524353,0.0,0.5934465969741368,0.9890776616235613
489.0,0.0,0.0,-158.35921789262525,315.7378564088532,-50.0,0.0,0.2,20.0,309.0867692573629,0.0,30.0,0.0,0.0,0.0,99.74206261903221,0.0,0.5934465969741368,0.9890776616235613
490.0,0.0,0.0,-158.35921789262525,315.7378564088532,-50.0,0.0,0.2,20.0,309.0867692573629,0.0,30.0,0.0,0.0,0.0,99.74153621282088,0.0,0.5934465969741368,0.9890776616235613
491.0,0.0,0.0,-158.35921789262525,315.7378564088532,-50.0,0.0,0.2,20.0,309.0867692573629,0.0,30.0,0.0,0.0,0.0,99.74100980660955,0.0,0.5934465969741368,0.9890776616235613
492.0,0.0,0.0,-158.35921789262525,315.7378564088532,-50.0,0.0,0.2,20.0,309.0867692573629,0.0,30.0,0.0,0.0,0.0,99.74048340039822,0.0,0.5934465969741368,0.9890776616235613
493.0,0.0,0.0,-158.35921789262525,315.7378564088532,-50.0,0.0,0.2,20.0,309.0867692573629,0.0,30.0,0.0,0.0,0.0,99.7399569941869,0.0,0.5934465969741368,0.9890776616235613
494.0,0.0,0.0,-158.35921789262525,315.7378564088532,-50.0,0.0,0.2,20.0,309.0867692573629,0.0,30.0,0.0,0.0,0.0,99.73943058797556,0.0,0.5934465969741368,0.9890776616235613
495.0,0.0,0.0,-158.35921789262525,315.7378564088532,-50.0,0.0,0.2,20.0,309.0867692573629,0.0,30.0,0.0,0.0,0.0,99.73890418176423,0.0,0.5934465969741368,0.9890776616235613
496.0,0.0,0.0,-158.35921789262525,315.7378564088532,-50.0,0.0,0.2,20.0,309.0867692573629,0.0,30.0,0.0,0.0,0.0,99.7383777755529,0.0,0.5934465969741368,0.9890776616235613
497.0,0.0,0.0,-158.35921789262525,315.7378564088532,-50.0,0.0,0.2,20.0,309.0867692573629,0.0,30.0,0.0,0.0,0.0,99.73785136934157,0.0,0.5934465969741368,0.9890776616235613
498.0,0.0,0.0,-158.35921789262525,315.7378564088532,-50.0,0.0,0.2,20.0,309.0867692573629,0.0,30.0,0.0,0.0,0.0,99.73732496313025,0.0,0.5934465969741368,0.9890776616235613
499.0,0.0,0.0,-158.35921789262525,315.7378564088532,-50.0,0.0,0.2,20.0,309.0867692573629,0.0,30.0,0.0,0.0,0.0,99.73679855691891,0.0,0.5934465969741368,0.9890776616235613
500.0,0.0,0.0,-158.35921789262525,315.7378564088532,-50.0,0.0,0.2,20.0,309.0867692573629,0.0,30.0,0.0,0.0,0.0,99.73627215070758,0.0,0.5934465969741368,0.9890776616235613
501.0,0.0,0.0,-158.35921789262525,315.7378564088532,-50.0,0.0,0.2,20.0,309.0867692573629,0.0,30.0,0.0,0.0,0.0,99.73574574449626,0.0,0.5934465969741368,0.9890776616235613
502.0,0.0,0.0,-158.35921789262525,315.7378564088532,-50.0,0.0,0.2,20.0,309.0867692573629,0.0,30.0,0.0,0.0,0.0,99.73521933828494,0.0,0.5934465969741368,0.9890776616235613
503.0,0.0,0.0,-158.35921789262525,315.7378564088532,-50.0,0.0,0.2,20.0,309.0867692573629,0.0,30.0,0.0,0.0,0.0,99.7346929320736,0.0,0.5934465969741368,0.9890776616235613
504.0,0.0,0.0,-158.35921789262525,315.7378564088532,-50.0,0.0,0.2,20.0,309.0867692573629,0.0,30.0,0.0,0.0,0.0,99.73416652586228,0.0,0.5934465969741368,0.9890776616235613
505.0,0.0,0.0,-158.35921789262525,315.7378564088532,-50.0,0.0,0.2,20.0,309.0867692573629,0.0,30.0,0.0,0.0,0.0,99.73364011965093,0.0,0.5934465969741368,0.9890776616235613
506.0,0.0,0.0,-158.35921789262525,315.7378564088532,-50.0,0.0,0.2,20.0,309.0867692573629,0.0,30.0,0.0,0.0,0.0,99.73311371343961,0.0,0.5934465969741368,0.9890776616235613
507.0,0.0,0.0,-158.35921789262525,315.7378564088532,-50.0,0.0,0.2,20.0,309.0867692573629,0.0,30.0,0.0,0.0,0.0,99.73258730722829,0.0,0.5934465969741368,0.9890776616235613
508.0,0.0,0.0,-158.35921789262525,315.7378564088532,-50.0,0.0,0.2,20.0,309.0867692573629,0.0,30.0,0.0,0.0,0.0,99.73206090101695,0.0,0.5934465969741368,0.9890776616235613
509.0,0.0,0.0,-158.35921789262525,315.7378564088532,-50.0,0.0,0.2,20.0,309.0867692573629,0.0,30.0,0.0,0.0,0.0,99.73153449480563,0.0,0.5934465969741368,0.9890776616235613
510.0,0.0,0.0,-158.35921789262525,315.7378564088532,-50.0,0.0,0.2,20.0,309.0867692573629,0.0,30.0,0.0,0.0,0.0,99.73100808859431,0.0,0.5934465969741368,0.9890776616235613
511.0,0.0,0.0,-158.35921789262525,315.7378564088532,-50.0,0.0,0.2,20.0,309.0867692573629,0.0,30.0,0.0,0.0,0.0,99.73048168238296,0.0,0.5934465969741368,0.9890776616235613
512.0,0.0,0.0,-158.35921789262525,315.7378564088532,-50.0,0.0,0.2,20.0,309.0867692573629,0.0,30.0,0.0,0.0,0.0,99.72995527617164,0.0,0.5934465969741368,0.9890776616235613
513.0,0.0,0.0,-158.35921789262525,315.7378564088532,-50.0,0.0,0.2,20.0,309.0867692573629,0.0,30.0,0.0,0.0,0.0,99.7294288699603,0.0,0.5934465969741368,0.9890776616235613
514.0,0.0,0.0,-158.35921789262525,315.7378564088532,-50.0,0.0,0.2,20.0,309.0867692573629,0.0,30.0,0.0,0.0,0.0,99.72890246374898,0.0,0.5934465969741368,0.9890776616235613
515.0,0.0,0.0,-158.35921789262525,315.7378564088532,-50.0,0.0,0.2,20.0,309.0867692573629,0.0,30.0,0.0,0.0,0.0,99.72837605753766,0.0,0.5934465969741368,0.9890776616235613
516.0,0.0,0.0,-158.35921789262525,315.7378564088532,-50.0,0.0,0.2,20.0,309.0867692573629,0.0,30.0,0.0,0.0,0.0,99.72784965132631,0.0,0.5934465969741368,0.9890776616235613
517.0,0.0,0.0,-158.35921789262525,315.7378564088532,-50.0,0.0,0.2,20.0,309.0867692573629,0.0,30.0,0.0,0.0,0.0,99.72732324511499,0.0,0.5934465969741368,0.9890776616235613
518.0,0.0,0.0,-158.35921789262525,315.7378564088532,-50.0,0.0,0.2,20.0,309.0867692573629,0.0,30.0,0.0,0.0,0.0,99.72679683890365,0.0,0.5934465969741368,0.9890776616235613
519.0,0.0,0.0,-158.35921789262525,315.7378564088532,-50.0,0.0,0.2,20.0,309.0867692573629,0.0,30.0,0.0,0.0,0.0,99.72627043269233,0.0,0.5934465969741368,0.9890776616235613
520.0,0.0,0.0,-158.35921789262525,315.7378564088532,-50.0,0.0,0.2,20.0,309.0867692573629,0.0,30.0,0.0,0.0,0.0,99.72574402648101,0.0,0.5934465969741368,0.9890776616235613
521.0,0.0,0.0,-158.35921789262525,315.7378564088532,-50.0,0.0,0.2,20.0,309.0867692573629,0.0,30.0,0.0,0.0,0.0,99.72521762026967,0.0,0.5934465969741368,0.9890776616235613
522.0,0.0,0.0,-158.35921789262525,315.7378564088532,-50.0,0.0,0.2,20.0,309.0867692573629,0.0,30.0,0.0,0.0,0.0,99.72469121405834,0.0,0.5934465969741368,0.9890776616235613
523.0,0.0,0.0,-158.35921789262525,315.7378564088532,-50.0,0.0,0.2,20.0,309.0867692573629,0.0,30.0,0.0,0.0,0.0,99.72416480784702,0.0,0.5934465969741368,0.9890776616235613
524.0,0.0,0.0,-158.35921789262525,315.7378564088532,-50.0,0.0,0.2,20.0,309.0867692573629,0.0,30.0,0.0,0.0,0.0,99.72363840163568,0.0,0.5934465969741368,0.9890776616235613
525.0,0.0,0.0,-158.35921789262525,315.7378564088532,-50.0,0.0,0.2,20.0,309.0867692573629,0.0,30.0,0.0,0.0,0.0,99.72311199542436,0.0,0.5934465969741368,0.9890776616235613
526.0,0.0,0.0,-158.35921789262525,315.7378564088532,-50.0,0.0,0.2,20.0,309.0867692573629,0.0,30.0,0.0,0.0,0.0,99.72258558921303,0.0,0.5934465969741368,0.9890776616235613
527.0,0.0,0.0,-158.35921789262525,315.7378564088532,-50.0,0.0,0.2,20.0,309.0867692573629,0.0,30.0,0.0,0.0,0.0,99.7220591830017,0.0,0.5934465969741368,0.9890776616235613
528.0,0.0,0.0,-158.35921789262525,315.7378564088532,-50.0,0.0,0.2,20.0,309.0867692573629,0.0,30.0,0.0,0.0,0.0,99.72153277679037,0.0,0.5934465969741368,0.9890776616235613
529.0,0.0,0.0,-158.35921789262525,315.7378564088532,-50.0,0.0,0.2,20.0,309.0867692573629,0.0,30.0,0.0,0.0,0.0,99.72100637057903,0.0,0.5934465969741368,0.9890776616235613
530.0,0.0,0.0,-158.35921789262525,315.7378564088532,-50.0,0.0,0.2,20.0,309.0867692573629,0.0,30.0,0.0,0.0,0.0,99.72047996436771,0.0,0.5934465969741368,0.9890776616235613
531.0,0.0,0.0,-158.35921789262525,315.7378564088532,-50.0,0.0,0.2,20.0,309.0867692573629,0.0,30.0,0.0,0.0,0.0,99.71995355815638,0.0,0.5934465969741368,0.9890776616235613
532.0,0.0,0.0,-158.35921789262525,315.7378564088532,-50.0,0.0,0.2,20.0,309.0867692573629,0.0,30.0,0.0,0.0,0.0,99.71942715194506,0.0,0.5934465969741368,0.9890776616235613
533.0,0.0,0.0,-158.35921789262525,315.7378564088532,-50.0,0.0,0.2,20.0,309.0867692573629,0.0,30.0,0.0,0.0,0.0,99.71890074573372,0.0,0.5934465969741368,0.9890776616235613
534.0,0.0,0.0,-158.35921789262525,315.7378564088532,-50.0,0.0,0.2,20.0,309.0867692573629,0.0,30.0,0.0,0.0,0.0,99.71837433952238,0.0,0.5934465969741368,0.9890776616235613
535.0,0.0,0.0,-158.35921789262525,315.7378564088532,-50.0,0.0,0.2,20.0,309.0867692573629,0.0,30.0,0.0,0.0,0.0,99.71784793331106,0.0,0.5934465969741368,0.9890776616235613
536.0,0.0,0.0,-158.35921789262525,315.7378564088532,-50.0,0.0,0.2,20.0,309.0867692573629,0.0,30.0,0.0,0.0,0.0,99.71732152709974,0.0,0.5934465969741368,0.9890776616235613
537.0,0.0,0.0,-158.35921789262525,315.7378564088532,-50.0,0.0,0.2,20.0,309.0867692573629,0.0,30.0,0.0,0.0,0.0,99.7167951208884,0.0,0.5934465969741368,0.9890776616235613
538.0,0.0,0.0,-158.35921789262525,315.7378564088532,-50.0,0.0,0.2,20.0,309.0867692573629,0.0,30.0,0.0,0.0,0.0,99.71626871467708,0.0,0.5934465969741368,0.9890776616235613
539.0,0.0,0.0,-158.35921789262525,315.7378564088532,-50.0,0.0,0.2,20.0,309.0867692573629,0.0,30.0,0.0,0.0,0.0,99.71574230846574,0.0,0.5934465969741368,0.9890776616235613
540.0,0.0,0.0,-158.35921789262525,315.7378564088532,-50.0,0.0,0.20027355455174162,20.0,309.0867692573629,-0.08637775521415922,30.006650334134047,0.0,0.0,0.0,99.71574230846574,0.0,0.5934465969741368,0.9890776616235613
